trade_date,option_typ,close,rolling_7days_volatility
01/08/2019,PE,103.2,NULL
01/08/2019,PE,96.25,4.91
01/08/2019,PE,89.65,6.78
01/08/2019,PE,83.35,8.54
01/08/2019,PE,77.4,10.2
01/08/2019,PE,71.8,11.76
01/08/2019,PE,120.25,16.55
01/08/2019,PE,112.45,17.93
01/08/2019,PE,84.35,18.13
01/08/2019,PE,75.05,19.17
01/08/2019,PE,67.55,20.84
01/08/2019,PE,41.4,27.1
01/08/2019,PE,42.5,30.9
01/08/2019,CE,2474.15,908.81
01/08/2019,CE,2550.35,1195.82
01/08/2019,CE,2593.75,1327.62
01/08/2019,CE,2637.65,1344.45
01/08/2019,CE,2682.65,1243.94
01/08/2019,CE,2727.7,974.43
01/08/2019,CE,2773.3,103.87
01/08/2019,CE,2819.45,96.94
01/08/2019,CE,2866.15,98.1
01/08/2019,CE,2913.35,99.21
01/08/2019,CE,2961.15,100.28
01/08/2019,CE,3009.5,101.46
01/08/2019,CE,3058.35,102.64
01/08/2019,CE,3107.8,103.82
01/08/2019,CE,3157.75,105
01/08/2019,CE,3208.25,106.18
01/08/2019,CE,3259.3,107.35
01/08/2019,CE,3310.85,108.51
01/08/2019,CE,3362.95,109.67
01/08/2019,CE,3415.6,110.83
01/08/2019,CE,3468.35,111.89
01/08/2019,CE,3522,112.96
01/08/2019,CE,3576.15,114.05
01/08/2019,CE,3630.8,115.16
01/08/2019,CE,3686,116.3
01/08/2019,CE,3741.65,117.45
01/08/2019,CE,3797.85,118.64
01/08/2019,CE,3854.5,119.72
01/08/2019,CE,3911.65,120.8
01/08/2019,CE,3969.3,121.88
01/08/2019,CE,4027.4,122.93
01/08/2019,CE,4085.95,123.97
01/08/2019,CE,4145,125
01/08/2019,CE,4204.5,126.02
01/08/2019,CE,4264.45,127.03
01/08/2019,CE,4324.8,128.01
01/08/2019,CE,4385.65,128.99
01/08/2019,CE,4446.85,129.95
01/08/2019,CE,4508.5,130.88
01/08/2019,CE,4570.6,131.81
01/08/2019,CE,4633.05,132.72
01/08/2019,CE,4695.9,133.62
01/08/2019,CE,4759.15,134.49
01/08/2019,CE,4822.75,135.35
01/08/2019,CE,4886.75,136.19
01/08/2019,CE,4951.05,136.99
01/08/2019,CE,5015.75,137.79
01/08/2019,CE,5080.8,138.58
01/08/2019,CE,5146.1,139.33
01/08/2019,CE,5211.8,140.08
01/08/2019,CE,5018.55,111.61
01/08/2019,CE,5082.35,87.43
01/08/2019,CE,5083.2,69.26
01/08/2019,CE,5023.8,67.85
01/08/2019,CE,5017.15,73.67
01/08/2019,CE,4872.8,101.86
01/08/2019,CE,4831.95,98.85
01/08/2019,PE,1230.6,1422.49
01/08/2019,PE,1197.55,1832.78
01/08/2019,PE,1322.65,1971.92
01/08/2019,PE,516.15,2070.31
01/08/2019,PE,485.05,1933.68
01/08/2019,PE,568.7,1535.45
01/08/2019,PE,539,389.1
01/08/2019,PE,520.65,360.94
01/08/2019,PE,572.4,299.77
01/08/2019,PE,525.25,30.7
01/08/2019,PE,608.5,40.73
01/08/2019,PE,562.4,30.84
01/08/2019,PE,868.05,122.27
01/08/2019,PE,878.5,156.76
01/08/2019,PE,850.35,161.59
01/08/2019,PE,603.25,158.07
01/08/2019,PE,796.15,140.49
01/08/2019,PE,769.55,128.38
01/08/2019,PE,1005,123.04
01/08/2019,PE,717.95,127.18
01/08/2019,PE,692.95,128.14
01/08/2019,PE,668.4,129.11
01/08/2019,PE,644.4,122.03
01/08/2019,PE,620.9,130.2
01/08/2019,PE,597.95,137.74
01/08/2019,PE,575.45,51.31
01/08/2019,PE,553.5,50.21
01/08/2019,PE,532.05,49.1
01/08/2019,PE,511.1,48
01/08/2019,PE,490.65,46.91
01/08/2019,PE,470.7,45.82
01/08/2019,PE,451.3,44.72
01/08/2019,PE,432.35,43.63
01/08/2019,PE,413.95,42.53
01/08/2019,PE,396,41.45
01/08/2019,PE,378.25,40.43
01/08/2019,PE,361.3,39.41
01/08/2019,PE,344.8,38.38
01/08/2019,PE,328.85,37.31
01/08/2019,PE,313.3,36.25
01/08/2019,PE,298.3,35.15
01/08/2019,PE,283.75,34.04
01/08/2019,PE,269.65,33
01/08/2019,PE,256,31.98
01/08/2019,PE,242.85,30.97
01/08/2019,PE,230.15,29.96
01/08/2019,PE,217.85,28.97
01/08/2019,PE,206.05,27.98
01/08/2019,PE,194.65,27.01
01/08/2019,PE,183.7,26.04
01/08/2019,PE,173.2,25.09
01/08/2019,PE,163.05,24.16
01/08/2019,PE,153.35,23.23
01/08/2019,PE,144.1,22.32
01/08/2019,PE,135.2,21.42
01/08/2019,PE,126.65,20.54
01/08/2019,PE,118.55,19.68
01/08/2019,PE,110.75,18.83
01/08/2019,PE,103.4,18.01
01/08/2019,PE,96.35,17.2
01/08/2019,PE,89.65,16.4
01/08/2019,PE,83.3,15.62
01/08/2019,PE,68.25,17.09
01/08/2019,PE,14.3,32.44
01/08/2019,CE,2766.75,1017.49
01/08/2019,CE,2806.5,1325.72
01/08/2019,CE,2906.8,1477.57
01/08/2019,CE,2075.75,1407.09
01/08/2019,CE,2425.3,1277.8
01/08/2019,CE,2348.35,1004.46
01/08/2019,CE,2286.85,311.62
01/08/2019,CE,2314.3,297.7
01/08/2019,CE,2333.75,254.34
01/08/2019,CE,2220.5,111.7
01/08/2019,CE,2363.55,64.05
01/08/2019,CE,2325.6,47.67
01/08/2019,CE,2571.45,109.51
01/08/2019,CE,2571.6,134.32
01/08/2019,CE,2612.35,153.71
01/08/2019,CE,2654,167.85
01/08/2019,CE,2695.8,142.34
01/08/2019,CE,2738.05,134.22
01/08/2019,CE,2780.85,81.59
01/08/2019,CE,2824.15,90.94
01/08/2019,CE,2867.95,91.98
01/08/2019,CE,2912.25,92.98
01/08/2019,CE,2957.1,94.08
01/08/2019,CE,3002.45,95.19
01/08/2019,CE,3048.3,96.3
01/08/2019,CE,3094.65,97.4
01/08/2019,CE,3141.5,98.5
01/08/2019,CE,3188.9,99.6
01/08/2019,CE,3236.8,100.7
01/08/2019,CE,3285.2,101.81
01/08/2019,CE,3334.1,102.91
01/08/2019,CE,3383.5,104.01
01/08/2019,CE,3433.45,105.11
01/08/2019,CE,3483.85,106.2
01/08/2019,CE,3534.75,107.28
01/08/2019,CE,3585.85,108.29
01/08/2019,CE,3637.7,109.31
01/08/2019,CE,3690.05,110.34
01/08/2019,CE,3742.9,111.39
01/08/2019,CE,3796.25,112.47
01/08/2019,CE,3850.05,113.56
01/08/2019,CE,3904.35,114.68
01/08/2019,CE,3959.1,115.73
01/08/2019,CE,4014.3,116.75
01/08/2019,CE,4069.95,117.76
01/08/2019,CE,4126.1,118.76
01/08/2019,CE,4182.65,119.75
01/08/2019,CE,4239.7,120.74
01/08/2019,CE,4297.15,121.72
01/08/2019,CE,4355.05,122.69
01/08/2019,CE,4413.35,123.65
01/08/2019,CE,4472.05,124.57
01/08/2019,CE,4531.2,125.49
01/08/2019,CE,4590.75,126.4
01/08/2019,CE,4650.7,127.29
01/08/2019,CE,4711,128.17
01/08/2019,CE,4771.7,129.03
01/08/2019,CE,4832.8,129.89
01/08/2019,CE,4894.25,130.72
01/08/2019,CE,4956.05,131.53
01/08/2019,CE,5018.2,132.33
01/08/2019,CE,5080.65,133.1
01/08/2019,CE,5033,113.07
01/08/2019,CE,4940.7,85.62
01/08/2019,PE,1303.05,1393.87
01/08/2019,PE,1267.2,1816.1
01/08/2019,PE,1392.1,1977.09
01/08/2019,PE,590,2090.73
01/08/2019,PE,382.55,1988.53
01/08/2019,PE,375.4,1595.6
01/08/2019,PE,362.55,484.97
01/08/2019,PE,349.65,456.6
01/08/2019,PE,381.2,381.44
01/08/2019,PE,332.15,87.37
01/08/2019,PE,386.65,20.15
01/08/2019,PE,418.6,27.86
01/08/2019,PE,422.7,33.83
01/08/2019,PE,453.85,42.81
01/08/2019,PE,456.45,44.16
01/08/2019,PE,387.95,43.57
01/08/2019,PE,367.55,34.32
01/08/2019,PE,347.85,41.7
01/08/2019,PE,328.9,50.67
01/08/2019,PE,310.6,57.69
01/08/2019,PE,292.65,54.95
01/08/2019,PE,275.75,40.42
01/08/2019,PE,259.45,38.96
01/08/2019,PE,243.85,37.5
01/08/2019,PE,228.9,36.03
01/08/2019,PE,214.6,34.54
01/08/2019,PE,200.95,33.04
01/08/2019,PE,187.9,31.64
01/08/2019,PE,175.45,30.26
01/08/2019,PE,163.6,28.9
01/08/2019,PE,152.35,27.58
01/08/2019,PE,141.65,26.28
01/08/2019,PE,131.5,25.02
01/08/2019,PE,121.9,23.77
01/08/2019,PE,112.8,22.57
01/08/2019,PE,104.2,21.4
01/08/2019,PE,96.1,20.26
01/08/2019,PE,88.5,19.15
01/08/2019,PE,81.35,18.07
01/08/2019,PE,74.6,17.04
01/08/2019,PE,68.35,16.02
01/08/2019,PE,62.45,15.04
01/08/2019,PE,56.95,14.11
01/08/2019,PE,51.85,13.21
01/08/2019,PE,47.1,12.34
01/08/2019,PE,42.7,11.5
01/08/2019,PE,38.6,10.71
01/08/2019,PE,34.85,9.95
01/08/2019,PE,31.4,9.21
01/08/2019,PE,28.2,8.52
01/08/2019,PE,361.45,122.75
01/08/2019,PE,22.55,124.3
01/08/2019,PE,20.1,125.72
01/08/2019,PE,17.9,127
01/08/2019,PE,15.85,128.17
01/08/2019,PE,14,129.23
01/08/2019,PE,12.35,130.19
01/08/2019,PE,10.85,4.22
01/08/2019,PE,9.5,3.83
01/08/2019,PE,8.3,3.46
01/08/2019,PE,7.2,3.11
01/08/2019,PE,6.25,2.8
01/08/2019,PE,5.4,2.51
01/08/2019,PE,4.65,2.24
01/08/2019,PE,194.3,70.86
01/08/2019,PE,183.1,89.04
01/08/2019,PE,172.35,95.03
01/08/2019,PE,201.4,97.89
01/08/2019,PE,189,89.75
01/08/2019,PE,160,68.94
01/08/2019,CE,2467.1,863.28
01/08/2019,CE,2506.6,1125.19
01/08/2019,CE,2605.75,1254.62
01/08/2019,CE,1787.35,1183.63
01/08/2019,CE,2219.95,1079.5
01/08/2019,CE,2151.6,850.73
01/08/2019,CE,2130.4,281.8
01/08/2019,CE,2080.85,273.78
01/08/2019,CE,2089,242.55
01/08/2019,CE,2009.15,139.52
01/08/2019,CE,2023.95,73.59
01/08/2019,CE,2098.65,51.93
01/08/2019,CE,2026.15,45.73
01/08/2019,CE,2048.45,35.73
01/08/2019,CE,2102.15,39.17
01/08/2019,CE,2005.65,40.39
01/08/2019,CE,2054.25,37.21
01/08/2019,CE,2103.6,39.55
01/08/2019,CE,2153.6,51.52
01/08/2019,CE,2204.35,67.48
01/08/2019,CE,2255.4,85.97
01/08/2019,CE,2307.5,108.68
01/08/2019,CE,2360.2,110.14
01/08/2019,CE,2413.65,111.61
01/08/2019,CE,2467.7,113.09
01/08/2019,CE,2522.4,114.57
01/08/2019,CE,2577.75,116.07
01/08/2019,CE,2633.7,117.47
01/08/2019,CE,2690.3,118.85
01/08/2019,CE,2747.45,120.2
01/08/2019,CE,2805.2,121.53
01/08/2019,CE,2863.5,122.83
01/08/2019,CE,2922.35,124.09
01/08/2019,CE,2981.75,125.32
01/08/2019,CE,3041.7,126.53
01/08/2019,CE,2550,164.24
01/08/2019,CE,3163,195.42
01/08/2019,CE,3224.4,222.48
01/08/2019,CE,3286.25,246.77
01/08/2019,CE,3348.55,269.02
01/08/2019,CE,3411.3,289.72
01/08/2019,CE,3474.4,309.15
01/08/2019,CE,3537.95,135.01
01/08/2019,CE,3601.85,135.91
01/08/2019,CE,3666.1,136.78
01/08/2019,CE,3730.7,137.6
01/08/2019,CE,3795.65,138.4
01/08/2019,CE,3860.9,139.16
01/08/2019,CE,3926.4,139.88
01/08/2019,CE,3992.25,140.57
01/08/2019,CE,4058.3,141.22
01/08/2019,CE,4124.65,141.84
01/08/2019,CE,4191.2,142.43
01/08/2019,CE,4258,142.99
01/08/2019,CE,4324.95,143.51
01/08/2019,CE,4392.15,143.99
01/08/2019,CE,4459.5,144.46
01/08/2019,CE,4527,144.88
01/08/2019,CE,4594.65,145.27
01/08/2019,CE,4662.45,145.63
01/08/2019,CE,4730.4,145.98
01/08/2019,CE,4798.45,146.29
01/08/2019,CE,4866.6,146.58
01/08/2019,CE,4934.85,146.85
01/08/2019,CE,4842.7,119.9
01/08/2019,CE,4901.5,96.46
01/08/2019,CE,4960.75,79.97
01/08/2019,CE,4945,59.56
01/08/2019,CE,4912.05,42.62
01/08/2019,CE,4836.2,48.78
01/08/2019,PE,1380,1331.15
01/08/2019,PE,1341,1733
01/08/2019,PE,1464.95,1881.31
01/08/2019,PE,677.05,1985.03
01/08/2019,PE,449.05,1898.42
01/08/2019,PE,442.6,1531.33
01/08/2019,PE,428.8,487.58
01/08/2019,PE,415,459.36
01/08/2019,PE,447.45,384.32
01/08/2019,PE,396.55,95.33
01/08/2019,PE,431.45,19.03
01/08/2019,PE,377.1,25.46
01/08/2019,PE,368.3,29.55
01/08/2019,PE,381.25,29.77
01/08/2019,PE,392.75,29.39
01/08/2019,PE,475.6,37.8
01/08/2019,PE,499.15,51.99
01/08/2019,PE,473.35,56.05
01/08/2019,PE,448.4,52.49
01/08/2019,PE,424.75,44.41
01/08/2019,PE,401.5,40.24
01/08/2019,PE,379.15,43.39
01/08/2019,PE,357.55,50.95
01/08/2019,PE,336.85,49.15
01/08/2019,PE,316.9,47.41
01/08/2019,PE,297.8,45.73
01/08/2019,PE,279.1,44.04
01/08/2019,PE,261.55,42.36
01/08/2019,PE,244.7,40.68
01/08/2019,PE,228.65,39.01
01/08/2019,PE,213.35,37.32
01/08/2019,PE,198.75,35.64
01/08/2019,PE,184.85,33.95
01/08/2019,PE,171.7,32.37
01/08/2019,PE,159.2,30.8
01/08/2019,PE,147.35,29.29
01/08/2019,PE,136.15,27.81
01/08/2019,PE,125.6,26.35
01/08/2019,PE,115.65,24.94
01/08/2019,PE,106.3,23.56
01/08/2019,PE,463.45,126.68
01/08/2019,PE,89.25,131.19
01/08/2019,PE,81.55,135.3
01/08/2019,PE,74.35,139.06
01/08/2019,PE,67.65,142.5
01/08/2019,PE,61.4,145.65
01/08/2019,PE,55.6,148.54
01/08/2019,PE,50.25,14.06
01/08/2019,PE,45.3,13.07
01/08/2019,PE,40.7,12.12
01/08/2019,PE,36.5,11.22
01/08/2019,PE,32.65,10.36
01/08/2019,PE,29.15,9.54
01/08/2019,PE,25.95,8.76
01/08/2019,PE,23,8.03
01/08/2019,PE,20.35,7.33
01/08/2019,PE,17.95,6.69
01/08/2019,PE,15.75,6.09
01/08/2019,PE,13.8,5.54
01/08/2019,PE,12.05,5.01
01/08/2019,PE,10.5,4.51
01/08/2019,PE,9.1,4.06
01/08/2019,PE,7.85,3.64
01/08/2019,PE,6.8,3.23
01/08/2019,PE,5.8,2.88
01/08/2019,PE,7.05,2.22
01/08/2019,PE,26.8,7.33
01/08/2019,PE,24,8.92
01/08/2019,PE,51.85,17.1
01/08/2019,PE,39.15,17.89
01/08/2019,CE,2158.85,806.39
01/08/2019,CE,2197.85,1048.55
01/08/2019,CE,2294.8,1166.91
01/08/2019,CE,1499.35,1099.21
01/08/2019,CE,1916.05,995.02
01/08/2019,CE,1851.9,783.17
01/08/2019,CE,1833.2,273.85
01/08/2019,CE,1787.9,265.76
01/08/2019,CE,1800.95,235.07
01/08/2019,CE,1721.75,134.68
01/08/2019,CE,1948.55,77.38
01/08/2019,CE,1830.6,69.16
01/08/2019,CE,1795.05,68.81
01/08/2019,CE,1733.55,74.91
01/08/2019,CE,1633.65,98.83
01/08/2019,CE,1642.25,110.85
01/08/2019,CE,1650.45,117.79
01/08/2019,CE,1696.95,77.94
01/08/2019,CE,1744.25,60.99
01/08/2019,CE,1792.9,60.43
01/08/2019,CE,1842,81.09
01/08/2019,CE,1891.9,95.56
01/08/2019,CE,1942.65,105.27
01/08/2019,CE,1994.2,107.06
01/08/2019,CE,2046.6,108.82
01/08/2019,CE,2099.8,110.51
01/08/2019,CE,2153.4,112.18
01/08/2019,CE,2208.1,113.86
01/08/2019,CE,2263.6,115.54
01/08/2019,CE,2319.85,117.22
01/08/2019,CE,2376.8,118.89
01/08/2019,CE,2434.5,120.57
01/08/2019,CE,2492.95,122.27
01/08/2019,CE,2552.05,123.85
01/08/2019,CE,2611.85,125.4
01/08/2019,CE,2672.3,126.92
01/08/2019,CE,2733.45,128.42
01/08/2019,CE,2795.15,129.87
01/08/2019,CE,2857.5,131.28
01/08/2019,CE,2920.45,132.66
01/08/2019,CE,2983.95,133.99
01/08/2019,CE,3048,135.28
01/08/2019,CE,3112.6,136.53
01/08/2019,CE,3177.7,137.75
01/08/2019,CE,3243.3,138.92
01/08/2019,CE,3309.35,140.04
01/08/2019,CE,3375.85,141.12
01/08/2019,CE,3442.8,142.16
01/08/2019,CE,3510.15,143.15
01/08/2019,CE,3577.9,144.1
01/08/2019,CE,3646,145.01
01/08/2019,CE,3714.45,145.87
01/08/2019,CE,3783.2,146.68
01/08/2019,CE,3852.3,147.45
01/08/2019,CE,3921.65,148.17
01/08/2019,CE,3991.3,148.85
01/08/2019,CE,4061.2,149.5
01/08/2019,CE,4131.35,150.11
01/08/2019,CE,4201.7,150.69
01/08/2019,CE,4272.2,151.21
01/08/2019,CE,4342.95,151.7
01/08/2019,CE,4413.85,152.14
01/08/2019,CE,4484.95,152.57
01/08/2019,CE,4556.15,152.96
01/08/2019,CE,4627.45,153.31
01/08/2019,CE,4648.75,142.8
01/08/2019,CE,4702.95,131.69
01/08/2019,CE,4770.7,124.28
01/08/2019,CE,4700.05,96.56
01/08/2019,CE,4652.95,67.71
01/08/2019,PE,1462.1,1218.62
01/08/2019,PE,1419.35,1588.52
01/08/2019,PE,1541.45,1728.48
01/08/2019,PE,779.75,1838.39
01/08/2019,PE,528.6,1763.11
01/08/2019,PE,523.3,1434.3
01/08/2019,PE,508.55,485.46
01/08/2019,PE,493.95,457.74
01/08/2019,PE,526.6,383.88
01/08/2019,PE,474.7,104.09
01/08/2019,PE,499.85,19.91
01/08/2019,PE,1026.95,198.26
01/08/2019,PE,434.9,205.11
01/08/2019,PE,448.95,209.11
01/08/2019,PE,462.6,211.04
01/08/2019,PE,1009,271.03
01/08/2019,PE,570.65,264.66
01/08/2019,PE,578.95,259.51
01/08/2019,PE,722,205.07
01/08/2019,PE,795.05,200.74
01/08/2019,PE,825,186.1
01/08/2019,PE,439.65,191.29
01/08/2019,PE,395.85,168.29
01/08/2019,PE,401.8,187.27
01/08/2019,PE,335.65,211.54
01/08/2019,PE,770,218.36
01/08/2019,PE,709,205.37
01/08/2019,PE,735,187.61
01/08/2019,PE,732,193.73
01/08/2019,PE,741,181.79
01/08/2019,PE,711,151.56
01/08/2019,PE,720,20.99
01/08/2019,PE,758,17.48
01/08/2019,PE,736,15.03
01/08/2019,PE,732,15.02
01/08/2019,PE,724,15.39
01/08/2019,PE,133.2,226.12
01/08/2019,PE,120.7,296.48
01/08/2019,PE,109.05,329.78
01/08/2019,PE,98.3,329.11
01/08/2019,PE,88.3,301.95
01/08/2019,PE,79.15,234.77
01/08/2019,PE,70.7,22.53
01/08/2019,PE,62.95,20.81
01/08/2019,PE,55.85,19.18
01/08/2019,PE,49.45,17.61
01/08/2019,PE,43.6,16.12
01/08/2019,PE,38.3,14.73
01/08/2019,PE,33.5,13.4
01/08/2019,PE,29.25,12.15
01/08/2019,PE,25.4,10.99
01/08/2019,PE,21.95,9.91
01/08/2019,PE,18.95,8.89
01/08/2019,PE,16.25,7.95
01/08/2019,PE,13.9,7.08
01/08/2019,PE,11.8,6.29
01/08/2019,PE,10,5.55
01/08/2019,PE,144,48.75
01/08/2019,PE,7.05,49.67
01/08/2019,PE,5.9,50.47
01/08/2019,PE,4.9,51.16
01/08/2019,PE,4.05,51.75
01/08/2019,PE,3.3,52.26
01/08/2019,PE,2.7,52.69
01/08/2019,PE,134.5,49.1
01/08/2019,PE,1.75,49.43
01/08/2019,PE,1.4,49.71
01/08/2019,PE,1.15,49.94
01/08/2019,PE,0.9,50.14
01/08/2019,PE,0.7,50.3
01/08/2019,PE,0.55,50.43
01/08/2019,PE,0.45,0.47
01/08/2019,PE,0.35,0.38
01/08/2019,PE,0.25,0.32
01/08/2019,PE,0.2,0.25
01/08/2019,CE,1842.1,696.09
01/08/2019,CE,1880.15,908.03
01/08/2019,CE,1973.75,1015.47
01/08/2019,CE,1213.7,955.24
01/08/2019,CE,1611.25,867.92
01/08/2019,CE,1551.85,683.91
01/08/2019,CE,1535.85,261
01/08/2019,CE,1495.2,253.11
01/08/2019,CE,1512.75,223.88
01/08/2019,CE,1435.05,128.93
01/08/2019,CE,1678.1,79.42
01/08/2019,CE,1563.15,74.74
01/08/2019,CE,1531.25,74.55
01/08/2019,CE,1476.8,77.83
01/08/2019,CE,1385.8,94.57
01/08/2019,CE,1403.85,102.98
01/08/2019,CE,1431.5,103.34
01/08/2019,CE,1435.3,65.92
01/08/2019,CE,1480.05,50.05
01/08/2019,CE,1406,36.35
01/08/2019,CE,1348.65,41.53
01/08/2019,CE,1365.4,44.38
01/08/2019,CE,1394.7,44.73
01/08/2019,CE,1361.45,46.6
01/08/2019,CE,1272.9,62.95
01/08/2019,CE,1325.5,44.65
01/08/2019,CE,1243.6,54.04
01/08/2019,CE,2556.2,467.56
01/08/2019,CE,1343.5,468.7
01/08/2019,CE,1395,468.69
01/08/2019,CE,1447.55,465.58
01/08/2019,CE,1500.85,453.89
01/08/2019,CE,1555.55,443.59
01/08/2019,CE,1611.25,418.53
01/08/2019,CE,1667.95,116.81
01/08/2019,CE,1725.6,119.06
01/08/2019,CE,1784.25,121.3
01/08/2019,CE,1843.75,123.49
01/08/2019,CE,1904.2,125.56
01/08/2019,CE,1965.45,127.56
01/08/2019,CE,1514.65,152.43
01/08/2019,CE,2027.55,170.89
01/08/2019,CE,2090.4,190.51
01/08/2019,CE,2154,211.06
01/08/2019,CE,2218.3,232.38
01/08/2019,CE,2283.3,254.34
01/08/2019,CE,2348.9,276.85
01/08/2019,CE,2415.1,139.57
01/08/2019,CE,2481.85,140.97
01/08/2019,CE,2549.1,142.29
01/08/2019,CE,2616.85,143.52
01/08/2019,CE,2685.1,144.69
01/08/2019,CE,2753.7,145.77
01/08/2019,CE,2822.7,146.78
01/08/2019,CE,2892.05,147.72
01/08/2019,CE,2961.75,148.59
01/08/2019,CE,3031.7,149.38
01/08/2019,CE,3101.95,150.11
01/08/2019,CE,3172.45,150.79
01/08/2019,CE,3243.1,151.39
01/08/2019,CE,3314,151.94
01/08/2019,CE,3385.05,152.43
01/08/2019,CE,3456.25,152.87
01/08/2019,CE,3527.55,153.25
01/08/2019,CE,3599,153.59
01/08/2019,CE,3670.55,153.91
01/08/2019,CE,3742.15,154.16
01/08/2019,CE,3813.85,154.4
01/08/2019,CE,3885.6,154.6
01/08/2019,CE,3957.4,154.77
01/08/2019,CE,4029.3,154.92
01/08/2019,CE,4101.15,155.05
01/08/2019,CE,4173.1,155.16
01/08/2019,CE,4245.05,155.26
01/08/2019,CE,4317,155.33
01/08/2019,CE,4389,155.39
01/08/2019,PE,1549.95,1012.55
01/08/2019,PE,1502.9,1329.88
01/08/2019,PE,1621.7,1457.32
01/08/2019,PE,902.1,1580.38
01/08/2019,PE,625.25,1562.38
01/08/2019,PE,621.75,1302.89
01/08/2019,PE,606.05,476.76
01/08/2019,PE,590.8,450.02
01/08/2019,PE,622.75,378.75
01/08/2019,PE,571.1,113.54
01/08/2019,PE,581.5,21.89
01/08/2019,PE,526.5,33.63
01/08/2019,PE,515.9,39.54
01/08/2019,PE,531,39.42
01/08/2019,PE,547.15,37.67
01/08/2019,PE,633.25,40.82
01/08/2019,PE,652.55,54.48
01/08/2019,PE,934.7,148.93
01/08/2019,PE,706.65,145.58
01/08/2019,PE,654.15,133.91
01/08/2019,PE,940,153.21
01/08/2019,PE,575.35,148.07
01/08/2019,PE,1411,289.4
01/08/2019,PE,474.6,315.19
01/08/2019,PE,690.75,313.07
01/08/2019,PE,585.5,320.98
01/08/2019,PE,476,337.56
01/08/2019,PE,543.65,330.85
01/08/2019,PE,702,327.65
01/08/2019,PE,739.45,109.96
01/08/2019,PE,552.9,98.24
01/08/2019,PE,735,105.25
01/08/2019,PE,727,111.12
01/08/2019,PE,806.9,99.82
01/08/2019,PE,785,82.33
01/08/2019,PE,527,110.78
01/08/2019,PE,506,129.19
01/08/2019,PE,473,143.28
01/08/2019,PE,447,156.06
01/08/2019,PE,291,185.87
01/08/2019,PE,220.05,181.93
01/08/2019,PE,716,162.47
01/08/2019,PE,709,188.52
01/08/2019,PE,720,209.56
01/08/2019,PE,492,209.11
01/08/2019,PE,205.05,239.71
01/08/2019,PE,358.1,232.16
01/08/2019,PE,685.05,207.76
01/08/2019,PE,261,219.83
01/08/2019,PE,624.1,207.74
01/08/2019,PE,594.8,187.86
01/08/2019,PE,566.3,192.02
01/08/2019,PE,538.95,152.45
01/08/2019,PE,269,170.69
01/08/2019,PE,280,168.36
01/08/2019,PE,254.15,169.64
01/08/2019,PE,202.2,171.07
01/08/2019,PE,412.6,146.14
01/08/2019,PE,389.75,117.02
01/08/2019,PE,367.65,79.09
01/08/2019,PE,165.7,96.01
01/08/2019,PE,325.85,96.29
01/08/2019,PE,160,109.81
01/08/2019,PE,287.1,103.09
01/08/2019,PE,268.65,90.8
01/08/2019,PE,100,98.51
01/08/2019,PE,234.45,80.86
01/08/2019,PE,110,89.41
01/08/2019,PE,203.2,74.17
01/08/2019,PE,188.7,72.7
01/08/2019,PE,174.85,61.52
01/08/2019,PE,161.75,48.57
01/08/2019,PE,149.25,39.96
01/08/2019,PE,137.5,31.71
01/08/2019,PE,126.35,27.69
01/08/2019,PE,115.85,26.25
01/08/2019,PE,106,24.82
01/08/2019,PE,96.7,23.43
01/08/2019,PE,88,22.07
01/08/2019,PE,79.9,20.76
01/08/2019,PE,72.35,19.47
01/08/2019,PE,65.3,18.22
01/08/2019,PE,58.75,17.02
01/08/2019,PE,52.7,15.85
01/08/2019,PE,47.15,14.73
01/08/2019,PE,42,13.66
01/08/2019,PE,37.3,12.63
01/08/2019,PE,33,11.64
01/08/2019,PE,29.05,10.7
01/08/2019,CE,1517.1,558.27
01/08/2019,CE,1553.65,730.89
01/08/2019,CE,1642.25,821.7
01/08/2019,CE,933.95,771.45
01/08/2019,CE,1309.15,702.87
01/08/2019,CE,1255.3,558.93
01/08/2019,CE,1242.15,241.58
01/08/2019,CE,1206.6,234.29
01/08/2019,CE,1227.85,207.79
01/08/2019,CE,1153.05,122.35
01/08/2019,CE,1408.95,81.88
01/08/2019,CE,1298.35,80.84
01/08/2019,CE,1270.25,81.02
01/08/2019,CE,1223.15,81.95
01/08/2019,CE,1141.85,91.49
01/08/2019,CE,1167.9,96.18
01/08/2019,CE,1203.85,90.48
01/08/2019,CE,1209.6,54.43
01/08/2019,CE,1256.7,45.53
01/08/2019,CE,1188.2,37.41
01/08/2019,CE,1255,42.47
01/08/2019,CE,1147,41.25
01/08/2019,CE,1172.1,40.67
01/08/2019,CE,1142.15,47.05
01/08/2019,CE,1252.05,51.64
01/08/2019,CE,1376.6,83.13
01/08/2019,CE,1750,215.01
01/08/2019,CE,2261.15,419.52
01/08/2019,CE,2480.25,546.25
01/08/2019,CE,2406.1,571.09
01/08/2019,CE,2100,494.02
01/08/2019,CE,1205.75,505.06
01/08/2019,CE,1311.35,517.63
01/08/2019,CE,1497.95,540.55
01/08/2019,CE,1564.4,525.77
01/08/2019,CE,1447.2,439.27
01/08/2019,CE,1307.65,295.94
01/08/2019,CE,2341.3,380.68
01/08/2019,CE,2120,408.66
01/08/2019,CE,2650,518.99
01/08/2019,CE,1423.45,528.03
01/08/2019,CE,1459.65,538.4
01/08/2019,CE,1496.55,532.98
01/08/2019,CE,1534.25,502.06
01/08/2019,CE,1572.7,461.89
01/08/2019,CE,1611.9,433.26
01/08/2019,CE,1651.9,82.26
01/08/2019,CE,1692.65,83.9
01/08/2019,CE,1734.2,85.57
01/08/2019,CE,1776.5,87.23
01/08/2019,CE,1819.65,88.92
01/08/2019,CE,1863.55,90.61
01/08/2019,CE,1908.6,92.39
01/08/2019,CE,1954.15,94.17
01/08/2019,CE,2000.5,95.92
01/08/2019,CE,2047.65,97.67
01/08/2019,CE,2095.6,99.38
01/08/2019,CE,2144.3,101.06
01/08/2019,CE,2193.85,102.71
01/08/2019,CE,2244.15,104.42
01/08/2019,CE,2295.25,106.13
01/08/2019,CE,2347.15,107.84
01/08/2019,CE,2399.85,109.55
01/08/2019,CE,2453.25,111.25
01/08/2019,CE,2507.2,112.87
01/08/2019,CE,2562.15,114.5
01/08/2019,CE,2617.85,116.13
01/08/2019,CE,2674.25,117.76
01/08/2019,CE,2731.4,119.39
01/08/2019,CE,2789.3,121.03
01/08/2019,CE,2847.85,122.66
01/08/2019,CE,2907.15,124.23
01/08/2019,CE,2967.1,125.76
01/08/2019,CE,3027.7,127.28
01/08/2019,CE,3089,128.76
01/08/2019,CE,3150.9,130.21
01/08/2019,CE,3213.45,131.64
01/08/2019,CE,3276.55,133.02
01/08/2019,CE,3340.3,134.38
01/08/2019,CE,3404.55,135.7
01/08/2019,CE,3469.4,136.98
01/08/2019,CE,3534.75,138.22
01/08/2019,CE,3600.65,139.42
01/08/2019,CE,3667,140.59
01/08/2019,CE,3733.85,141.72
01/08/2019,CE,3801.1,142.8
01/08/2019,CE,3868.8,143.82
01/08/2019,CE,3936.95,144.82
01/08/2019,CE,4005.4,145.75
01/08/2019,PE,1648.4,834.7
01/08/2019,PE,1596,1100.04
01/08/2019,PE,1709.6,1205.65
01/08/2019,PE,1056.4,1319.16
01/08/2019,PE,748.15,1324.88
01/08/2019,PE,747.35,1120.61
01/08/2019,PE,730.75,458.92
01/08/2019,PE,715.05,433.92
01/08/2019,PE,744.65,367.41
01/08/2019,PE,695.4,124.8
01/08/2019,PE,682.95,26.4
01/08/2019,PE,630.05,41.45
01/08/2019,PE,618.3,48.42
01/08/2019,PE,634.4,47.99
01/08/2019,PE,653.65,44.82
01/08/2019,PE,738.3,42.99
01/08/2019,PE,752.35,53.79
01/08/2019,PE,758.75,63
01/08/2019,PE,802.15,71.58
01/08/2019,PE,750.7,60.47
01/08/2019,PE,886,70.13
01/08/2019,PE,865,59.89
01/08/2019,PE,557.45,107.59
01/08/2019,PE,565.85,132.24
01/08/2019,PE,641.75,136.91
01/08/2019,PE,744.15,133.1
01/08/2019,PE,1066,188.63
01/08/2019,PE,630.55,185.07
01/08/2019,PE,592,179.17
01/08/2019,PE,563,178.52
01/08/2019,PE,535,182.33
01/08/2019,PE,509,193.73
01/08/2019,PE,483,200.48
01/08/2019,PE,457,61.29
01/08/2019,PE,433,57.19
01/08/2019,PE,413,54.52
01/08/2019,PE,390,52.28
01/08/2019,PE,341.15,57.06
01/08/2019,PE,350,52.94
01/08/2019,PE,269,64.1
01/08/2019,PE,330,55.78
01/08/2019,PE,297,49.84
01/08/2019,PE,265,45.65
01/08/2019,PE,290.05,34.48
01/08/2019,PE,214,44.83
01/08/2019,PE,238,38.5
01/08/2019,PE,580.85,122.79
01/08/2019,PE,299,122.78
01/08/2019,PE,214,128.35
01/08/2019,PE,502.95,147.56
01/08/2019,PE,478.45,155.17
01/08/2019,PE,454.6,143.37
01/08/2019,PE,431.55,125.51
01/08/2019,PE,226,122.78
01/08/2019,PE,182,141.04
01/08/2019,PE,30.05,182.79
01/08/2019,PE,346.4,166.9
01/08/2019,PE,78,166.97
01/08/2019,PE,43,154.86
01/08/2019,PE,80,115.97
01/08/2019,PE,68,111.93
01/08/2019,PE,50,110.5
01/08/2019,PE,78.5,106.89
01/08/2019,PE,40,17.68
01/08/2019,PE,25,20.98
01/08/2019,PE,195.2,56.07
01/08/2019,PE,181.75,68.82
01/08/2019,PE,168.95,73.56
01/08/2019,PE,156.75,71.13
01/08/2019,PE,145.15,68.94
01/08/2019,PE,134.15,56.41
01/08/2019,PE,123.75,25.74
01/08/2019,PE,113.95,24.44
01/08/2019,PE,104.65,23.16
01/08/2019,PE,95.9,21.92
01/08/2019,PE,87.7,20.7
01/08/2019,PE,80,19.51
01/08/2019,PE,72.8,18.37
01/08/2019,PE,66.05,17.25
01/08/2019,PE,59.8,16.16
01/08/2019,PE,53.95,15.12
01/08/2019,PE,48.55,14.11
01/08/2019,PE,43.55,13.14
01/08/2019,PE,38.95,12.2
01/08/2019,PE,34.75,11.29
01/08/2019,PE,2.4,18.77
01/08/2019,PE,27.3,17.08
01/08/2019,PE,104.95,31.22
01/08/2019,PE,95.8,37.18
01/08/2019,PE,88.15,39.69
01/08/2019,PE,79.85,39.77
01/08/2019,CE,1171.4,419.37
01/08/2019,CE,1205.65,541.95
01/08/2019,CE,1286.9,604.56
01/08/2019,CE,655.6,567.74
01/08/2019,CE,1002,520.39
01/08/2019,CE,955.05,420.74
01/08/2019,CE,945.05,212.37
01/08/2019,CE,915.3,206.26
01/08/2019,CE,939.2,184.35
01/08/2019,CE,869.6,113.9
01/08/2019,CE,980,43.14
01/08/2019,CE,1028.85,49.85
01/08/2019,CE,1004.9,54.45
01/08/2019,CE,965.85,54.4
01/08/2019,CE,895.5,57.4
01/08/2019,CE,1424,185.32
01/08/2019,CE,971.65,174.86
01/08/2019,CE,979.15,174.91
01/08/2019,CE,1027.5,174.92
01/08/2019,CE,965.8,176.78
01/08/2019,CE,900.75,182.51
01/08/2019,CE,925.35,179.34
01/08/2019,CE,946.05,40.82
01/08/2019,CE,1950,377.33
01/08/2019,CE,2085,522.32
01/08/2019,CE,2075,591.07
01/08/2019,CE,2235,626.81
01/08/2019,CE,2239,584.89
01/08/2019,CE,2175.25,457.68
01/08/2019,CE,1973,117.29
01/08/2019,CE,1410,288.52
01/08/2019,CE,2480,336.31
01/08/2019,CE,2130,336.71
01/08/2019,CE,1982.6,332.3
01/08/2019,CE,2245,332.86
01/08/2019,CE,1549,376.89
01/08/2019,CE,2275,394.55
01/08/2019,CE,2340,305.22
01/08/2019,CE,1817,285.47
01/08/2019,CE,2649.5,366.31
01/08/2019,CE,1692,399.76
01/08/2019,CE,2396,413.9
01/08/2019,CE,1826,362.16
01/08/2019,CE,1811.65,375.92
01/08/2019,CE,1965,358.35
01/08/2019,CE,1894.65,352.07
01/08/2019,CE,1937.55,224.03
01/08/2019,CE,1980.85,197.52
01/08/2019,CE,2024.9,79.85
01/08/2019,CE,2069.65,84.95
01/08/2019,CE,2115.15,76.7
01/08/2019,CE,2161.35,95.99
01/08/2019,CE,2208.3,97.49
01/08/2019,CE,2255.95,99.06
01/08/2019,CE,2304.3,100.61
01/08/2019,CE,2353.4,102.17
01/08/2019,CE,2403.2,103.72
01/08/2019,CE,2453.7,105.27
01/08/2019,CE,2504.9,106.8
01/08/2019,CE,2556.8,108.33
01/08/2019,CE,2609.1,109.79
01/08/2019,CE,2662.4,111.25
01/08/2019,CE,2716.3,112.72
01/08/2019,CE,2770.9,114.19
01/08/2019,CE,2826.2,115.68
01/08/2019,CE,2882.1,117.17
01/08/2019,CE,2938.65,118.66
01/08/2019,CE,2995.85,120.07
01/08/2019,CE,3053.65,121.47
01/08/2019,CE,3112.1,122.85
01/08/2019,CE,3171.1,124.2
01/08/2019,CE,3230.7,125.53
01/08/2019,CE,3290.9,126.83
01/08/2019,CE,3351.6,128.1
01/08/2019,CE,3412.9,129.35
01/08/2019,CE,3474.7,130.57
01/08/2019,CE,3537,131.76
01/08/2019,CE,3599.8,132.91
01/08/2019,CE,3663.1,134.02
01/08/2019,CE,3726.85,135.12
01/08/2019,CE,3791,136.15
01/08/2019,CE,3855.6,137.16
01/08/2019,CE,3920.65,138.14
01/08/2019,CE,3986.05,139.08
01/08/2019,CE,4051.85,139.98
01/08/2019,CE,4117.95,140.84
01/08/2019,CE,4184.45,141.67
01/08/2019,CE,3922.55,118.14
01/08/2019,CE,3987.4,99.25
01/08/2019,CE,3839.35,116.64
01/08/2019,CE,3905.65,123.48
01/08/2019,PE,1748.5,856.95
01/08/2019,PE,1689.8,1102.68
01/08/2019,PE,1796.25,1160.53
01/08/2019,PE,1232.7,1240.61
01/08/2019,PE,888.5,1215.65
01/08/2019,PE,891.35,1032.66
01/08/2019,PE,873.9,432.38
01/08/2019,PE,858,409.88
01/08/2019,PE,883.7,350.3
01/08/2019,PE,839,137.44
01/08/2019,PE,795.9,34.37
