,INSTRUMENT,SYMBOL,EXPIRY_DT,STRIKE_PR,OPTION_TYP,OPEN,HIGH,LOW,CLOSE,SETTLE_PR,CONTRACTS,VAL_INLAKH,OPEN_INT,CHG_IN_OI,TIMESTAMP
160393,FUTIDX,BANKNIFTY,29-Aug-19,0,XX,28805.65,28924,28140.55,28499.3,28499.3,214569,1225914.96,1675780,234640,01-Aug-19
160394,FUTIDX,BANKNIFTY,26-Sep-19,0,XX,28926.4,29030.55,28251.7,28611.45,28611.45,2484,14245.95,51400,-80,01-Aug-19
160395,FUTIDX,BANKNIFTY,31-Oct-19,0,XX,29000,29105,28355.55,28699.05,28699.05,598,3434.43,9460,4860,01-Aug-19
160396,FUTIDX,NIFTY,29-Aug-19,0,XX,11098.4,11098.4,10901.1,11015.35,11015.35,199881,1650955.24,19001400,1339200,01-Aug-19
160397,FUTIDX,NIFTY,26-Sep-19,0,XX,11136.35,11145.2,10955,11066.6,11066.6,5283,43841.57,893625,66750,01-Aug-19
160398,FUTIDX,NIFTY,31-Oct-19,0,XX,11175,11185.95,10991.45,11101.6,11101.6,1530,12746.44,115725,47775,01-Aug-19
160399,FUTIDX,NIFTYIT,29-Aug-19,0,XX,15670,15670,15350,15423,15423,159,1230.09,13850,0,01-Aug-19
160400,FUTIDX,NIFTYIT,26-Sep-19,0,XX,15539,15545,15539,15542,15542,2,15.54,100,100,01-Aug-19
160401,FUTIDX,NIFTYIT,31-Oct-19,0,XX,0,0,0,15754,15585,0,0,0,0,01-Aug-19
160402,FUTSTK,ACC,29-Aug-19,0,XX,1547.1,1555.4,1506.4,1522.65,1522.65,3536,21691.65,2292000,63200,01-Aug-19
160403,FUTSTK,ACC,26-Sep-19,0,XX,1558.7,1558.7,1518.65,1528,1528,20,123.28,10800,3600,01-Aug-19
160404,FUTSTK,ACC,31-Oct-19,0,XX,0,0,0,1613.85,1540.3,0,0,0,0,01-Aug-19
160405,FUTSTK,ADANIENT,29-Aug-19,0,XX,127.15,129.25,122.95,125.7,125.7,2172,10902.58,29472000,24000,01-Aug-19
160406,FUTSTK,ADANIENT,26-Sep-19,0,XX,129.1,129.1,123.4,125.8,125.8,23,115.1,224000,0,01-Aug-19
160407,FUTSTK,ADANIENT,31-Oct-19,0,XX,129.95,130,126.65,126.65,126.65,5,25.84,20000,20000,01-Aug-19
160408,FUTSTK,ADANIPORTS,29-Aug-19,0,XX,376,379.4,368.25,373.25,373.25,2337,21794.16,14905000,-295000,01-Aug-19
160409,FUTSTK,ADANIPORTS,26-Sep-19,0,XX,379,379.35,370,374.75,374.75,83,779.18,177500,50000,01-Aug-19
160410,FUTSTK,ADANIPORTS,31-Oct-19,0,XX,0,0,0,386.35,377.25,0,0,5000,0,01-Aug-19
160411,FUTSTK,ADANIPOWER,29-Aug-19,0,XX,60.65,61.2,58.15,59.5,59.5,1348,16039.42,110860000,-960000,01-Aug-19
160412,FUTSTK,ADANIPOWER,26-Sep-19,0,XX,58.95,60.35,58.8,59.75,59.75,16,189.95,380000,40000,01-Aug-19
160413,FUTSTK,ADANIPOWER,31-Oct-19,0,XX,0,0,0,63.25,60.4,0,0,0,0,01-Aug-19
160414,FUTSTK,AMARAJABAT,29-Aug-19,0,XX,662.4,671.55,651.8,660.35,660.35,3321,15354.57,1731100,132300,01-Aug-19
160415,FUTSTK,AMARAJABAT,26-Sep-19,0,XX,657,663,647,655.45,655.45,62,284.2,46900,2100,01-Aug-19
160416,FUTSTK,AMARAJABAT,31-Oct-19,0,XX,0,0,0,647.45,676.6,0,0,0,0,01-Aug-19
160417,FUTSTK,AMBUJACEM,29-Aug-19,0,XX,201.5,202.5,195.25,198,198,2256,11252.37,21242500,730000,01-Aug-19
160418,FUTSTK,AMBUJACEM,26-Sep-19,0,XX,203.15,203.15,197.8,198.85,198.85,21,105.46,115000,10000,01-Aug-19
160419,FUTSTK,AMBUJACEM,31-Oct-19,0,XX,0,0,0,217.95,200.05,0,0,0,0,01-Aug-19
160420,FUTSTK,APOLLOHOSP,29-Aug-19,0,XX,1349.85,1380.5,1342.65,1364.2,1364.2,1607,10977.34,1263500,-8000,01-Aug-19
160421,FUTSTK,APOLLOHOSP,26-Sep-19,0,XX,1355,1374.35,1355,1364.55,1379.4,18,122.95,13500,3000,01-Aug-19
160422,FUTSTK,APOLLOHOSP,31-Oct-19,0,XX,1365.4,1380,1365.4,1370,1388.1,3,20.57,2500,1000,01-Aug-19
160423,FUTSTK,APOLLOTYRE,29-Aug-19,0,XX,157,158.5,152.45,155,155,2558,11916.79,9492000,-237000,01-Aug-19
160424,FUTSTK,APOLLOTYRE,26-Sep-19,0,XX,158,158.35,153.9,155.05,155.05,36,168.89,228000,18000,01-Aug-19
160425,FUTSTK,APOLLOTYRE,31-Oct-19,0,XX,0,0,0,164.3,156.7,0,0,0,0,01-Aug-19
160426,FUTSTK,ARVIND,29-Aug-19,0,XX,54.3,57.2,54.3,56.7,56.7,773,2588.49,8310000,-78000,01-Aug-19
160427,FUTSTK,ARVIND,26-Sep-19,0,XX,55.2,56.75,55.2,56.75,56.75,10,33.68,258000,30000,01-Aug-19
160428,FUTSTK,ASHOKLEY,29-Aug-19,0,XX,69.85,73.4,67.2,69.25,69.25,13126,55080.69,80706000,5334000,01-Aug-19
160429,FUTSTK,ASHOKLEY,26-Sep-19,0,XX,70.5,73.55,67.6,69.45,69.45,502,2118.51,1788000,138000,01-Aug-19
160430,FUTSTK,ASHOKLEY,31-Oct-19,0,XX,71.65,72.9,68.8,69.5,69.5,20,84.73,78000,24000,01-Aug-19
160431,FUTSTK,ASIANPAINT,29-Aug-19,0,XX,1522.75,1534,1502.55,1512.85,1512.85,4885,44392.88,6205800,-58200,01-Aug-19
160432,FUTSTK,ASIANPAINT,26-Sep-19,0,XX,1525,1538.55,1510,1517.95,1517.95,81,738.23,73800,10200,01-Aug-19
160433,FUTSTK,ASIANPAINT,31-Oct-19,0,XX,0,0,0,1533,1529.55,0,0,1800,0,01-Aug-19
160434,FUTSTK,AUROPHARMA,29-Aug-19,0,XX,568.6,570.45,544.75,553.25,553.25,6257,34783.47,15530000,-44000,01-Aug-19
160435,FUTSTK,AUROPHARMA,26-Sep-19,0,XX,569.45,569.45,547.5,556.85,556.85,127,710.29,150000,2000,01-Aug-19
160436,FUTSTK,AUROPHARMA,31-Oct-19,0,XX,561.85,561.85,556.05,558.45,558.45,3,16.76,3000,-1000,01-Aug-19
160437,FUTSTK,AXISBANK,29-Aug-19,0,XX,673.8,683.15,666.2,673.25,673.25,18547,150035.5,51118800,1166400,01-Aug-19
160438,FUTSTK,AXISBANK,26-Sep-19,0,XX,678.15,685.85,670,677.15,677.15,283,2300.23,454800,-19200,01-Aug-19
160439,FUTSTK,AXISBANK,31-Oct-19,0,XX,686.45,686.45,674,679.9,679.9,19,154.89,21600,4800,01-Aug-19
160440,FUTSTK,BAJAJ-AUTO,29-Aug-19,0,XX,2499.8,2564.1,2484,2551.9,2551.9,5284,33286.19,2168750,34000,01-Aug-19
160441,FUTSTK,BAJAJ-AUTO,26-Sep-19,0,XX,2526.55,2571.8,2498,2564.45,2564.45,45,284.02,24000,2500,01-Aug-19
160442,FUTSTK,BAJAJ-AUTO,31-Oct-19,0,XX,2520,2570,2515,2567.2,2567.2,4,25.42,1250,750,01-Aug-19
160443,FUTSTK,BAJAJFINSV,29-Aug-19,0,XX,7066.35,7202.85,7000.4,7117.75,7117.75,3881,34562.81,899500,2250,01-Aug-19
160444,FUTSTK,BAJAJFINSV,26-Sep-19,0,XX,7157.9,7248.2,7046.95,7146.75,7146.75,40,358.55,4500,250,01-Aug-19
160445,FUTSTK,BAJAJFINSV,31-Oct-19,0,XX,0,0,0,7200,7198.75,0,0,250,0,01-Aug-19
160446,FUTSTK,BAJFINANCE,29-Aug-19,0,XX,3240.05,3271.25,3182.45,3237.85,3237.85,17147,138663.53,6601500,-256250,01-Aug-19
160447,FUTSTK,BAJFINANCE,26-Sep-19,0,XX,3256.1,3279.05,3200,3255.1,3255.1,203,1649.11,67000,-500,01-Aug-19
160448,FUTSTK,BAJFINANCE,31-Oct-19,0,XX,0,0,0,3299.1,3275.25,0,0,750,0,01-Aug-19
160449,FUTSTK,BALKRISIND,29-Aug-19,0,XX,690.05,701.4,684,698.35,698.35,1363,7556.41,1885600,-36000,01-Aug-19
160450,FUTSTK,BALKRISIND,26-Sep-19,0,XX,697.4,703.25,686.65,691.45,711.55,11,60.79,52800,4000,01-Aug-19
160451,FUTSTK,BALKRISIND,31-Oct-19,0,XX,0,0,0,738.25,716.05,0,0,0,0,01-Aug-19
160452,FUTSTK,BANKBARODA,29-Aug-19,0,XX,106.25,107.7,103,105.75,105.75,7488,35614.94,55881000,180000,01-Aug-19
160453,FUTSTK,BANKBARODA,26-Sep-19,0,XX,105.65,107.75,103.7,106.3,106.3,221,1054.93,994500,18000,01-Aug-19
160454,FUTSTK,BANKBARODA,31-Oct-19,0,XX,106.5,106.5,105,105.55,107.3,5,23.77,58500,13500,01-Aug-19
160455,FUTSTK,BANKINDIA,29-Aug-19,0,XX,70.65,71.95,68.6,69.8,69.8,3604,15152.05,32088000,1884000,01-Aug-19
160456,FUTSTK,BANKINDIA,26-Sep-19,0,XX,71.35,72.15,69,69.95,69.95,185,776.5,1446000,210000,01-Aug-19
160457,FUTSTK,BANKINDIA,31-Oct-19,0,XX,71.1,71.1,70.25,70.25,71.4,6,25.34,48000,36000,01-Aug-19
160458,FUTSTK,BATAINDIA,29-Aug-19,0,XX,1307,1318.6,1296.35,1301.85,1301.85,3657,26288.5,2471700,-31350,01-Aug-19
160459,FUTSTK,BATAINDIA,26-Sep-19,0,XX,1313.45,1317.4,1303,1308.75,1315.05,8,57.7,7150,550,01-Aug-19
160460,FUTSTK,BATAINDIA,31-Oct-19,0,XX,0,0,0,1324.75,1323.35,0,0,0,0,01-Aug-19
160461,FUTSTK,BEL,29-Aug-19,0,XX,100.1,100.55,95.65,97.75,97.75,3866,22754.68,36324000,-246000,01-Aug-19
160462,FUTSTK,BEL,26-Sep-19,0,XX,99.5,100.5,96.1,97.8,97.8,164,965.74,2652000,-96000,01-Aug-19
160463,FUTSTK,BEL,31-Oct-19,0,XX,0,0,0,100.95,100.4,0,0,0,0,01-Aug-19
160464,FUTSTK,BERGEPAINT,29-Aug-19,0,XX,329,333.2,327.6,332.3,332.3,806,5871.69,2083400,-4400,01-Aug-19
160465,FUTSTK,BERGEPAINT,26-Sep-19,0,XX,330.6,330.6,329.05,330.5,330.5,7,50.83,55000,-6600,01-Aug-19
160466,FUTSTK,BERGEPAINT,31-Oct-19,0,XX,0,0,0,332.95,337,0,0,0,0,01-Aug-19
160467,FUTSTK,BHARATFORG,29-Aug-19,0,XX,418.6,424.9,415.65,421.3,421.3,1562,7871.34,7933200,-126000,01-Aug-19
160468,FUTSTK,BHARATFORG,26-Sep-19,0,XX,420.4,425.7,418.2,422.7,422.7,46,232.92,81600,19200,01-Aug-19
160469,FUTSTK,BHARATFORG,31-Oct-19,0,XX,0,0,0,436,427.15,0,0,0,0,01-Aug-19
160470,FUTSTK,BHARTIARTL,29-Aug-19,0,XX,336.5,339.2,322.7,324.55,324.55,10190,62211.58,32483199,-592320,01-Aug-19
160471,FUTSTK,BHARTIARTL,26-Sep-19,0,XX,335.15,340.4,324.85,326.3,326.3,138,845.86,120315,35169,01-Aug-19
160472,FUTSTK,BHARTIARTL,31-Oct-19,0,XX,338.15,339,326.8,329.05,329.05,5,30.92,7404,0,01-Aug-19
160473,FUTSTK,BHEL,29-Aug-19,0,XX,58.4,59.35,56.8,57.9,57.9,1675,7286.08,44325000,1462500,01-Aug-19
160474,FUTSTK,BHEL,26-Sep-19,0,XX,57.85,58.5,55.95,57,57,236,1008.57,5055000,795000,01-Aug-19
160475,FUTSTK,BHEL,31-Oct-19,0,XX,58.4,58.4,56.65,56.65,58.5,7,30.12,397500,30000,01-Aug-19
160476,FUTSTK,BIOCON,29-Aug-19,0,XX,225.35,227.1,222,224.6,224.6,2704,10918.09,11851200,-302400,01-Aug-19
160477,FUTSTK,BIOCON,26-Sep-19,0,XX,226.2,227,223.5,225.85,225.85,49,198.82,754200,7200,01-Aug-19
160478,FUTSTK,BIOCON,31-Oct-19,0,XX,225.9,225.9,225.45,225.45,227.25,2,8.12,3600,1800,01-Aug-19
160479,FUTSTK,BOSCHLTD,29-Aug-19,0,XX,14230,14634.35,14209.75,14586.6,14586.6,679,2955.13,164220,-480,01-Aug-19
160480,FUTSTK,BOSCHLTD,26-Sep-19,0,XX,14570.35,14570.35,14534.75,14534.75,14790.85,5,21.84,1350,-30,01-Aug-19
160481,FUTSTK,BOSCHLTD,31-Oct-19,0,XX,0,0,0,15272.75,14884.15,0,0,0,0,01-Aug-19
160482,FUTSTK,BPCL,29-Aug-19,0,XX,335.55,338.6,332.4,336.65,336.65,2425,14651.46,13174200,-66600,01-Aug-19
160483,FUTSTK,BPCL,26-Sep-19,0,XX,337.55,338.75,334.25,336.7,347.15,23,139.61,100800,0,01-Aug-19
160484,FUTSTK,BPCL,31-Oct-19,0,XX,0,0,0,346.45,349.35,0,0,0,0,01-Aug-19
160485,FUTSTK,BRITANNIA,29-Aug-19,0,XX,2585,2617.05,2570.95,2600.85,2600.85,2745,14237.02,2257200,-3800,01-Aug-19
160486,FUTSTK,BRITANNIA,26-Sep-19,0,XX,2601.5,2616.15,2585.05,2608.5,2608.5,33,171.7,24600,2600,01-Aug-19
160487,FUTSTK,BRITANNIA,31-Oct-19,0,XX,0,0,0,2614.35,2643.8,0,0,1000,0,01-Aug-19
160488,FUTSTK,BSOFT,29-Aug-19,0,XX,74.75,76.8,74.75,75.7,75.7,279,1079.22,2499000,270300,01-Aug-19
160489,FUTSTK,BSOFT,26-Sep-19,0,XX,0,0,0,74.75,76.15,0,0,61200,0,01-Aug-19
160490,FUTSTK,CADILAHC,29-Aug-19,0,XX,229.9,230,222.4,226.85,226.85,1609,5809.23,13590400,-212800,01-Aug-19
160491,FUTSTK,CADILAHC,26-Sep-19,0,XX,228.5,228.9,226.5,227.55,227.55,20,72.94,100800,19200,01-Aug-19
160492,FUTSTK,CADILAHC,31-Oct-19,0,XX,0,0,0,234.35,230.05,0,0,0,0,01-Aug-19
160493,FUTSTK,CANBK,29-Aug-19,0,XX,234.05,237.55,227.15,230.55,230.55,5598,25949.67,9672000,-62000,01-Aug-19
160494,FUTSTK,CANBK,26-Sep-19,0,XX,235.1,238,228,231.45,231.45,144,669.97,338000,12000,01-Aug-19
160495,FUTSTK,CANBK,31-Oct-19,0,XX,234.85,235.7,229,230.6,230.6,8,37.19,12000,6000,01-Aug-19
160496,FUTSTK,CASTROLIND,29-Aug-19,0,XX,118.7,121,115.45,116.2,116.2,772,3092.79,8462600,187000,01-Aug-19
160497,FUTSTK,CASTROLIND,26-Sep-19,0,XX,120,121.35,116.4,116.4,116.4,19,76.63,204000,27200,01-Aug-19
160498,FUTSTK,CASTROLIND,31-Oct-19,0,XX,120,120,117,117.05,117.05,3,12.03,17000,3400,01-Aug-19
160499,FUTSTK,CENTURYTEX,29-Aug-19,0,XX,888.05,899.5,868.4,877.75,877.75,2341,12370.35,3831000,14400,01-Aug-19
160500,FUTSTK,CENTURYTEX,26-Sep-19,0,XX,887.1,887.15,878.3,879.35,879.35,11,58.18,20400,600,01-Aug-19
160501,FUTSTK,CENTURYTEX,31-Oct-19,0,XX,0,0,0,908,893.4,0,0,0,0,01-Aug-19
160502,FUTSTK,CESC,29-Aug-19,0,XX,743.1,752.05,731.45,749.35,749.35,762,4539.49,921600,-8000,01-Aug-19
160503,FUTSTK,CESC,26-Sep-19,0,XX,748,748,734.7,748,756.4,3,17.84,6400,800,01-Aug-19
160504,FUTSTK,CESC,31-Oct-19,0,XX,0,0,0,773.95,761.15,0,0,0,0,01-Aug-19
160505,FUTSTK,CHOLAFIN,29-Aug-19,0,XX,257.5,265.3,257,258.3,258.3,2585,16882.79,3637500,160000,01-Aug-19
160506,FUTSTK,CHOLAFIN,26-Sep-19,0,XX,259.1,264,259.05,264,262.25,6,39.04,27500,5000,01-Aug-19
160507,FUTSTK,CHOLAFIN,31-Oct-19,0,XX,0,0,0,253.55,263.9,0,0,0,0,01-Aug-19
160508,FUTSTK,CIPLA,29-Aug-19,0,XX,517.35,520.3,510.5,514.95,514.95,1907,9807.02,12143000,-173000,01-Aug-19
160509,FUTSTK,CIPLA,26-Sep-19,0,XX,516.95,519.7,513.2,517.25,517.25,35,180.58,33000,-1000,01-Aug-19
160510,FUTSTK,CIPLA,31-Oct-19,0,XX,0,0,0,546.35,520.9,0,0,0,0,01-Aug-19
160511,FUTSTK,COALINDIA,29-Aug-19,0,XX,204.7,205.15,200.95,203.15,203.15,3164,14123.26,37208600,-838200,01-Aug-19
160512,FUTSTK,COALINDIA,26-Sep-19,0,XX,204.6,204.85,202,204.15,204.15,58,260.02,299200,8800,01-Aug-19
160513,FUTSTK,COALINDIA,31-Oct-19,0,XX,204.55,204.55,203,203,205.8,2,8.96,26400,4400,01-Aug-19
160514,FUTSTK,COLPAL,29-Aug-19,0,XX,1180,1190.2,1176,1184.4,1184.4,783,6483.24,1975400,22400,01-Aug-19
160515,FUTSTK,COLPAL,26-Sep-19,0,XX,1181.9,1185.05,1179,1179,1195.1,11,91.05,13300,2800,01-Aug-19
160516,FUTSTK,COLPAL,31-Oct-19,0,XX,0,0,0,1163.95,1202.65,0,0,0,0,01-Aug-19
160517,FUTSTK,CONCOR,29-Aug-19,0,XX,496,515.65,496,511,511,1223,9699.87,2085042,-103158,01-Aug-19
160518,FUTSTK,CONCOR,26-Sep-19,0,XX,504.8,504.8,504.8,510.6,510.6,9,71.59,25008,12504,01-Aug-19
160519,FUTSTK,CONCOR,31-Oct-19,0,XX,0,0,0,537.55,523.95,0,0,0,0,01-Aug-19
160520,FUTSTK,CUMMINSIND,29-Aug-19,0,XX,703.65,709,684.4,691.1,691.1,754,3661.56,1954400,14700,01-Aug-19
160521,FUTSTK,CUMMINSIND,26-Sep-19,0,XX,697.6,697.6,672.1,676.25,676.25,28,134.24,112000,-9100,01-Aug-19
160522,FUTSTK,CUMMINSIND,31-Oct-19,0,XX,0,0,0,675.05,704.8,0,0,2800,0,01-Aug-19
160523,FUTSTK,DABUR,29-Aug-19,0,XX,422.6,428.35,422.1,426.1,426.1,1801,9591.02,13326250,126250,01-Aug-19
160524,FUTSTK,DABUR,26-Sep-19,0,XX,427.3,429.75,427,427.05,427.05,16,85.61,55000,-1250,01-Aug-19
160525,FUTSTK,DABUR,31-Oct-19,0,XX,0,0,0,430.5,432.45,0,0,0,0,01-Aug-19
160526,FUTSTK,DHFL,29-Aug-19,0,XX,43.3,44.45,40.75,42.4,42.4,1426,2424.01,16124000,224000,01-Aug-19
160527,FUTSTK,DHFL,26-Sep-19,0,XX,39.8,40.65,37.5,38.75,38.75,83,129.73,1024000,132000,01-Aug-19
160528,FUTSTK,DISHTV,29-Aug-19,0,XX,26.95,27.55,25.35,25.85,25.85,2385,8756.72,105560000,-224000,01-Aug-19
160529,FUTSTK,DISHTV,26-Sep-19,0,XX,26.55,27.65,25.9,25.95,25.95,28,102.8,364000,14000,01-Aug-19
160530,FUTSTK,DISHTV,31-Oct-19,0,XX,0,0,0,32.85,26.15,0,0,0,0,01-Aug-19
160531,FUTSTK,DIVISLAB,29-Aug-19,0,XX,1688.25,1688.25,1590,1608.1,1608.1,1806,11628.17,2666800,-24000,01-Aug-19
160532,FUTSTK,DIVISLAB,26-Sep-19,0,XX,1637.95,1637.95,1603,1603,1631.7,15,96.95,65200,400,01-Aug-19
160533,FUTSTK,DIVISLAB,31-Oct-19,0,XX,1613.5,1618,1610.3,1610.35,1642,4,25.8,4000,1600,01-Aug-19
160534,FUTSTK,DLF,29-Aug-19,0,XX,176.9,177.95,170.55,173.45,173.45,6813,33089.9,36117200,386400,01-Aug-19
160535,FUTSTK,DLF,26-Sep-19,0,XX,178,178.45,171.6,174.45,174.45,112,545.75,610400,30800,01-Aug-19
160536,FUTSTK,DLF,31-Oct-19,0,XX,179.35,179.35,179.35,179.35,175.25,2,10.04,16800,2800,01-Aug-19
160537,FUTSTK,DRREDDY,29-Aug-19,0,XX,2584.95,2585,2505,2548.3,2548.3,5589,35444.77,3391750,-40500,01-Aug-19
160538,FUTSTK,DRREDDY,26-Sep-19,0,XX,2581,2581,2519.35,2563.05,2563.05,84,534.75,28750,-3250,01-Aug-19
160539,FUTSTK,DRREDDY,31-Oct-19,0,XX,0,0,0,2701.95,2575.55,0,0,0,0,01-Aug-19
160540,FUTSTK,EICHERMOT,29-Aug-19,0,XX,15923.8,16597,15779,16450.6,16450.6,12381,50475.52,413675,12275,01-Aug-19
160541,FUTSTK,EICHERMOT,26-Sep-19,0,XX,15815.95,16634.1,15815.95,16542.2,16542.2,120,492.19,9600,-175,01-Aug-19
160542,FUTSTK,EICHERMOT,31-Oct-19,0,XX,15890,15890,15890,15890,16835.9,1,3.97,75,25,01-Aug-19
160543,FUTSTK,ENGINERSIN,29-Aug-19,0,XX,100.5,101.1,96.5,98.1,98.1,692,3146.94,6596400,-225400,01-Aug-19
160544,FUTSTK,ENGINERSIN,26-Sep-19,0,XX,99.95,100.5,96.8,98,98,16,72.69,303600,18400,01-Aug-19
160545,FUTSTK,EQUITAS,29-Aug-19,0,XX,114.1,116.4,112.15,115,115,1989,9127.68,14424000,396000,01-Aug-19
160546,FUTSTK,EQUITAS,26-Sep-19,0,XX,115.55,116.4,113.25,115.3,115.3,19,87.61,148000,-20000,01-Aug-19
160547,FUTSTK,EQUITAS,31-Oct-19,0,XX,0,0,0,114.45,116.4,0,0,4000,0,01-Aug-19
160548,FUTSTK,ESCORTS,29-Aug-19,0,XX,459.8,470.4,453.05,461.95,461.95,4512,22894.34,5548400,6600,01-Aug-19
160549,FUTSTK,ESCORTS,26-Sep-19,0,XX,462.75,468.4,456.75,464.05,464.05,73,371.35,96800,8800,01-Aug-19
160550,FUTSTK,ESCORTS,31-Oct-19,0,XX,464.6,464.6,464.6,464.6,464.6,1,5.11,2200,1100,01-Aug-19
160551,FUTSTK,EXIDEIND,29-Aug-19,0,XX,183.75,185.65,181,182.95,182.95,999,4390.95,8520000,-55200,01-Aug-19
160552,FUTSTK,EXIDEIND,26-Sep-19,0,XX,185.1,185.1,183,183,184.1,6,26.52,120000,4800,01-Aug-19
160553,FUTSTK,EXIDEIND,31-Oct-19,0,XX,0,0,0,184.7,185.3,0,0,0,0,01-Aug-19
160554,FUTSTK,FEDERALBNK,29-Aug-19,0,XX,92.7,92.7,88.2,90,90,3240,20479.64,37667000,1834000,01-Aug-19
160555,FUTSTK,FEDERALBNK,26-Sep-19,0,XX,92.3,92.4,88.7,90.45,90.45,167,1058.79,1673000,315000,01-Aug-19
160556,FUTSTK,FEDERALBNK,31-Oct-19,0,XX,91.8,91.8,90.25,90.85,90.85,4,25.52,28000,21000,01-Aug-19
160557,FUTSTK,GAIL,29-Aug-19,0,XX,128.5,130.8,125.55,128.15,128.15,2325,15938.57,38735508,-74676,01-Aug-19
160558,FUTSTK,GAIL,26-Sep-19,0,XX,129.1,130.95,127.1,128.55,128.55,40,276.66,912114,48006,01-Aug-19
160559,FUTSTK,GAIL,31-Oct-19,0,XX,0,0,0,137.2,130.75,0,0,0,0,01-Aug-19
160560,FUTSTK,GLENMARK,29-Aug-19,0,XX,425,433.95,418.4,423.65,423.65,1688,7188.66,4847000,-323000,01-Aug-19
160561,FUTSTK,GLENMARK,26-Sep-19,0,XX,428.85,435.3,419.95,420.65,427.5,32,137.44,248000,7000,01-Aug-19
160562,FUTSTK,GLENMARK,31-Oct-19,0,XX,428.6,428.6,421.1,421.1,430.2,2,8.49,5000,2000,01-Aug-19
160563,FUTSTK,GMRINFRA,29-Aug-19,0,XX,14.9,15.15,14.65,14.8,14.8,579,3877.4,146610000,-3285000,01-Aug-19
160564,FUTSTK,GMRINFRA,26-Sep-19,0,XX,15.1,15.25,14.8,14.9,14.9,9,60.75,1530000,45000,01-Aug-19
160565,FUTSTK,GMRINFRA,31-Oct-19,0,XX,14.9,14.9,14.9,14.9,15.25,1,6.7,45000,0,01-Aug-19
160566,FUTSTK,GODREJCP,29-Aug-19,0,XX,599.95,621.45,596.1,605,605,5637,27413.28,6214400,378400,01-Aug-19
160567,FUTSTK,GODREJCP,26-Sep-19,0,XX,603.25,621.55,601.35,606.75,606.75,53,259.09,28000,5600,01-Aug-19
160568,FUTSTK,GODREJCP,31-Oct-19,0,XX,621.4,621.4,621.4,621.4,613.5,1,4.97,800,800,01-Aug-19
160569,FUTSTK,GRASIM,29-Aug-19,0,XX,772.65,778.95,759.95,771.1,771.1,2833,16377.07,11961000,-62250,01-Aug-19
160570,FUTSTK,GRASIM,26-Sep-19,0,XX,776.5,780.2,764,776,776,31,180.19,2238750,9000,01-Aug-19
160571,FUTSTK,GRASIM,31-Oct-19,0,XX,0,0,0,786.4,787.35,0,0,3750,0,01-Aug-19
160572,FUTSTK,HAVELLS,29-Aug-19,0,XX,640.6,654.4,638.55,647.55,647.55,3012,19479.3,7001000,-206000,01-Aug-19
160573,FUTSTK,HAVELLS,26-Sep-19,0,XX,648.45,653.35,641.9,649.55,649.55,25,161.94,48000,8000,01-Aug-19
160574,FUTSTK,HAVELLS,31-Oct-19,0,XX,652.95,652.95,652.6,652.6,658.45,2,13.05,4000,0,01-Aug-19
160575,FUTSTK,HCLTECH,29-Aug-19,0,XX,1037.15,1040.8,1014.6,1020.95,1020.95,2662,19119.92,8537900,-233100,01-Aug-19
160576,FUTSTK,HCLTECH,26-Sep-19,0,XX,1032,1041.25,1023.6,1027.5,1027.5,34,245.65,28700,1400,01-Aug-19
160577,FUTSTK,HCLTECH,31-Oct-19,0,XX,0,0,0,1029.55,1038.4,0,0,0,0,01-Aug-19
160578,FUTSTK,HDFC,29-Aug-19,0,XX,2123.4,2123.6,2075.2,2098.1,2098.1,9779,102401.13,28382500,181000,01-Aug-19
160579,FUTSTK,HDFC,26-Sep-19,0,XX,2156.3,2156.3,2089.05,2109,2109,533,5608.14,344000,113500,01-Aug-19
160580,FUTSTK,HDFC,31-Oct-19,0,XX,2100.5,2121,2100.5,2113.65,2121.25,4,42.18,1500,1000,01-Aug-19
160581,FUTSTK,HDFCBANK,29-Aug-19,0,XX,2244.8,2249,2210.3,2233.95,2233.95,22417,125080.62,17344000,1238250,01-Aug-19
160582,FUTSTK,HDFCBANK,26-Sep-19,0,XX,2260,2260,2220,2241.15,2241.15,494,2765.23,186500,40000,01-Aug-19
160583,FUTSTK,HDFCBANK,31-Oct-19,0,XX,2256,2257.9,2240,2257.9,2257.9,4,22.5,1750,500,01-Aug-19
160584,FUTSTK,HEROMOTOCO,29-Aug-19,0,XX,2340,2393.85,2313.25,2382.25,2382.25,5966,28115.09,2526600,60400,01-Aug-19
160585,FUTSTK,HEROMOTOCO,26-Sep-19,0,XX,2338.55,2400,2337.7,2399.7,2399.7,63,298.12,21400,2000,01-Aug-19
160586,FUTSTK,HEROMOTOCO,31-Oct-19,0,XX,2369.8,2404,2369.8,2404,2404,2,9.54,1600,-200,01-Aug-19
160587,FUTSTK,HEXAWARE,29-Aug-19,0,XX,359,362.85,349.6,352.9,352.9,733,3902.77,2445000,28500,01-Aug-19
160588,FUTSTK,HEXAWARE,26-Sep-19,0,XX,364.2,364.2,349.95,350.65,350.65,8,42.62,9000,9000,01-Aug-19
160589,FUTSTK,HEXAWARE,31-Oct-19,0,XX,0,0,0,367.95,360.75,0,0,0,0,01-Aug-19
160590,FUTSTK,HINDALCO,29-Aug-19,0,XX,189,189,179.4,182.5,182.5,6804,43552.84,35070000,745500,01-Aug-19
160591,FUTSTK,HINDALCO,26-Sep-19,0,XX,189.5,189.5,180.55,183.5,183.5,111,713.73,227500,28000,01-Aug-19
160592,FUTSTK,HINDALCO,31-Oct-19,0,XX,184.25,184.25,182.25,183.2,185.8,3,19.23,10500,10500,01-Aug-19
160593,FUTSTK,HINDPETRO,29-Aug-19,0,XX,264.5,266.85,258.8,264.05,264.05,2307,12741.3,16984800,-94500,01-Aug-19
160594,FUTSTK,HINDPETRO,26-Sep-19,0,XX,266,267.45,261.9,265.8,265.8,19,105.68,218400,4200,01-Aug-19
160595,FUTSTK,HINDPETRO,31-Oct-19,0,XX,0,0,0,271.6,267.75,0,0,0,0,01-Aug-19
160596,FUTSTK,HINDUNILVR,29-Aug-19,0,XX,1727.75,1748.8,1715.55,1736.7,1736.7,4971,25856.72,11105100,79200,01-Aug-19
160597,FUTSTK,HINDUNILVR,26-Sep-19,0,XX,1735.5,1750,1725,1742.95,1742.95,48,250.25,29700,1800,01-Aug-19
160598,FUTSTK,HINDUNILVR,31-Oct-19,0,XX,1748,1748,1748,1748,1759.85,1,5.24,1500,-300,01-Aug-19
160599,FUTSTK,HINDZINC,29-Aug-19,0,XX,213.9,216.45,210.15,212.1,212.1,491,3340.97,6563200,-160000,01-Aug-19
160600,FUTSTK,HINDZINC,26-Sep-19,0,XX,216,216,213.8,213.8,213.65,4,27.44,112000,0,01-Aug-19
160601,FUTSTK,IBULHSGFIN,29-Aug-19,0,XX,522.1,537,503.25,514,514,20462,84750.65,16201600,139200,01-Aug-19
160602,FUTSTK,IBULHSGFIN,26-Sep-19,0,XX,524.35,534.95,505,513.65,513.65,397,1640.04,600800,-17600,01-Aug-19
160603,FUTSTK,IBULHSGFIN,31-Oct-19,0,XX,527,527,505,505.85,530.6,16,66.07,38400,4000,01-Aug-19
160604,FUTSTK,ICICIBANK,29-Aug-19,0,XX,426.35,428,412.1,419.1,419.1,27059,156445.28,79135375,-544500,01-Aug-19
160605,FUTSTK,ICICIBANK,26-Sep-19,0,XX,428.1,429.45,413.9,420.85,420.85,422,2447.98,671000,13750,01-Aug-19
160606,FUTSTK,ICICIBANK,31-Oct-19,0,XX,430.6,430.7,417,423.65,423.65,11,64.12,38500,-5500,01-Aug-19
160607,FUTSTK,ICICIPRULI,29-Aug-19,0,XX,395.65,406.3,379.85,386.2,386.2,4389,25926.73,5517000,499500,01-Aug-19
160608,FUTSTK,ICICIPRULI,26-Sep-19,0,XX,395.85,403.35,377.7,384.05,384.05,76,443.07,114000,22500,01-Aug-19
160609,FUTSTK,ICICIPRULI,31-Oct-19,0,XX,0,0,0,394.4,396.75,0,0,4500,0,01-Aug-19
160610,FUTSTK,IDBI,29-Aug-19,0,XX,27.4,28.4,26.55,27.95,27.95,608,2003.53,21612000,-912000,01-Aug-19
160611,FUTSTK,IDBI,26-Sep-19,0,XX,27.25,27.25,26.8,27.25,27.25,21,68.27,1692000,96000,01-Aug-19
160612,FUTSTK,IDEA,29-Aug-19,0,XX,6.95,6.95,6.45,6.65,6.65,3333,6229.74,419328000,784000,01-Aug-19
160613,FUTSTK,IDEA,26-Sep-19,0,XX,6.8,6.95,6.5,6.65,6.65,42,79.24,10528000,532000,01-Aug-19
160614,FUTSTK,IDEA,31-Oct-19,0,XX,6.9,6.9,6.65,6.65,6.8,3,5.72,1036000,-28000,01-Aug-19
160615,FUTSTK,IDFCFIRSTB,29-Aug-19,0,XX,41.75,42.1,40.2,41.2,41.2,2745,13551.58,129012000,1404000,01-Aug-19
160616,FUTSTK,IDFCFIRSTB,26-Sep-19,0,XX,41.15,41.9,40.1,41.1,41.1,497,2440.29,14376000,1968000,01-Aug-19
160617,FUTSTK,IDFCFIRSTB,31-Oct-19,0,XX,41.35,41.9,40.4,41.4,41.4,35,173.09,972000,216000,01-Aug-19
160618,FUTSTK,IGL,29-Aug-19,0,XX,300.8,304.4,296.3,301.7,301.7,1222,10136.09,3833500,0,01-Aug-19
160619,FUTSTK,IGL,26-Sep-19,0,XX,299.2,300.5,295.1,298.35,298.35,15,123.12,173250,13750,01-Aug-19
160620,FUTSTK,IGL,31-Oct-19,0,XX,0,0,0,320.55,309.2,0,0,0,0,01-Aug-19
160621,FUTSTK,INDIGO,29-Aug-19,0,XX,1550,1577.15,1540,1555.25,1555.25,3391,31746.27,2566200,-9000,01-Aug-19
160622,FUTSTK,INDIGO,26-Sep-19,0,XX,1560,1575,1545,1557.65,1557.65,63,590.47,70800,1200,01-Aug-19
160623,FUTSTK,INDIGO,31-Oct-19,0,XX,0,0,0,1563.7,1577.2,0,0,600,0,01-Aug-19
160624,FUTSTK,INDUSINDBK,29-Aug-19,0,XX,1396.45,1432.9,1363,1398.4,1398.4,27465,154081.97,10152400,34800,01-Aug-19
160625,FUTSTK,INDUSINDBK,26-Sep-19,0,XX,1396.05,1439.45,1370,1404.55,1404.55,479,2699.56,96000,12800,01-Aug-19
160626,FUTSTK,INDUSINDBK,31-Oct-19,0,XX,0,0,0,1419,1421.8,0,0,400,0,01-Aug-19
160627,FUTSTK,INFRATEL,29-Aug-19,0,XX,246,254.25,244.55,251.5,251.5,2069,10403.6,7222000,-200000,01-Aug-19
160628,FUTSTK,INFRATEL,26-Sep-19,0,XX,249.45,255,249.45,252.55,253.5,25,126.21,72000,24000,01-Aug-19
160629,FUTSTK,INFRATEL,31-Oct-19,0,XX,0,0,0,266.65,255.1,0,0,0,0,01-Aug-19
160630,FUTSTK,INFY,29-Aug-19,0,XX,788.8,791.2,768.25,773.45,773.45,11726,109523.68,59862000,-1106400,01-Aug-19
160631,FUTSTK,INFY,26-Sep-19,0,XX,791,793,772,777,777,369,3454.3,417600,8400,01-Aug-19
160632,FUTSTK,INFY,31-Oct-19,0,XX,773.05,775.95,766.05,770.65,770.65,8,73.99,44400,4800,01-Aug-19
160633,FUTSTK,IOC,29-Aug-19,0,XX,137.15,141.25,134.35,136.45,136.45,3944,18968.82,58919000,-584500,01-Aug-19
160634,FUTSTK,IOC,26-Sep-19,0,XX,139.9,141.3,135.65,136.3,136.3,66,319.08,805000,10500,01-Aug-19
160635,FUTSTK,IOC,31-Oct-19,0,XX,139.35,139.35,138,135.5,135.5,5,24.06,35000,14000,01-Aug-19
160636,FUTSTK,ITC,29-Aug-19,0,XX,271.25,271.4,267.45,269,269,3480,22492.54,86268000,664800,01-Aug-19
160637,FUTSTK,ITC,26-Sep-19,0,XX,271.75,271.75,269,270.3,270.3,40,259.52,468000,31200,01-Aug-19
160638,FUTSTK,ITC,31-Oct-19,0,XX,0,0,0,272.7,272,0,0,0,0,01-Aug-19
160639,FUTSTK,JINDALSTEL,29-Aug-19,0,XX,134.4,134.4,126.7,129.45,129.45,8805,36625.65,32540800,1145600,01-Aug-19
160640,FUTSTK,JINDALSTEL,26-Sep-19,0,XX,133.7,134.2,127.5,130.15,130.15,160,667.57,419200,28800,01-Aug-19
160641,FUTSTK,JINDALSTEL,31-Oct-19,0,XX,0,0,0,137.55,130.8,0,0,0,0,01-Aug-19
160642,FUTSTK,JSWSTEEL,29-Aug-19,0,XX,236.85,236.85,223.05,226.5,226.5,6936,31829.24,51488000,736000,01-Aug-19
160643,FUTSTK,JSWSTEEL,26-Sep-19,0,XX,235.2,236.65,225,227.75,227.75,160,739.1,276000,38000,01-Aug-19
160644,FUTSTK,JSWSTEEL,31-Oct-19,0,XX,0,0,0,253.15,229,0,0,0,0,01-Aug-19
160645,FUTSTK,JUBLFOOD,29-Aug-19,0,XX,1191.4,1205.8,1162.25,1180.7,1180.7,3526,20830.16,2675000,-51000,01-Aug-19
160646,FUTSTK,JUBLFOOD,26-Sep-19,0,XX,1184.95,1199.3,1155,1174.45,1174.45,85,498.89,106000,6000,01-Aug-19
160647,FUTSTK,JUBLFOOD,31-Oct-19,0,XX,1167.45,1167.45,1167.45,1167.45,1208.45,1,5.83,500,-500,01-Aug-19
160648,FUTSTK,JUSTDIAL,29-Aug-19,0,XX,674.5,697,664.5,674.4,674.4,2787,26441.85,2412200,-25200,01-Aug-19
160649,FUTSTK,JUSTDIAL,26-Sep-19,0,XX,673,678.2,643.35,645.65,694.85,34,313.42,40600,1400,01-Aug-19
160650,FUTSTK,JUSTDIAL,31-Oct-19,0,XX,0,0,0,739.45,699.2,0,0,0,0,01-Aug-19
160651,FUTSTK,KAJARIACER,29-Aug-19,0,XX,470,472.5,459,466.15,466.15,431,2603.45,1868100,-54600,01-Aug-19
160652,FUTSTK,KAJARIACER,26-Sep-19,0,XX,465.55,465.75,461.5,465.75,470.85,5,30.2,15600,0,01-Aug-19
160653,FUTSTK,KOTAKBANK,29-Aug-19,0,XX,1511.7,1520.85,1488.15,1501.7,1501.7,11126,66950,9083600,308000,01-Aug-19
160654,FUTSTK,KOTAKBANK,26-Sep-19,0,XX,1517.35,1525.05,1494.85,1507.35,1507.35,216,1304.42,177200,12000,01-Aug-19
160655,FUTSTK,KOTAKBANK,31-Oct-19,0,XX,1510.45,1510.45,1510.45,1510.45,1510.45,1,6.04,1600,400,01-Aug-19
160656,FUTSTK,L&TFH,29-Aug-19,0,XX,97.5,100.9,94.2,96.75,96.75,4212,18470.3,30865500,-301500,01-Aug-19
160657,FUTSTK,L&TFH,26-Sep-19,0,XX,98.55,101,94.5,97,97,122,530.76,1791000,211500,01-Aug-19
160658,FUTSTK,L&TFH,31-Oct-19,0,XX,100.65,100.65,95.5,95.5,97.8,7,30.94,27000,18000,01-Aug-19
160659,FUTSTK,LICHSGFIN,29-Aug-19,0,XX,510.25,512.8,496.3,504,504,2947,16291.25,7417300,52800,01-Aug-19
160660,FUTSTK,LICHSGFIN,26-Sep-19,0,XX,511,512.8,499.2,506.75,506.75,44,243.81,73700,3300,01-Aug-19
160661,FUTSTK,LICHSGFIN,31-Oct-19,0,XX,0,0,0,534.65,516.8,0,0,0,0,01-Aug-19
160662,FUTSTK,LT,29-Aug-19,0,XX,1383,1389.5,1344,1365.15,1365.15,9747,49924.62,13848750,248250,01-Aug-19
160663,FUTSTK,LT,26-Sep-19,0,XX,1393.95,1394,1351.25,1372.25,1372.25,230,1184.8,184125,10875,01-Aug-19
160664,FUTSTK,LT,31-Oct-19,0,XX,1383.5,1383.5,1370,1376.8,1376.8,6,30.93,1500,1500,01-Aug-19
160665,FUTSTK,LUPIN,29-Aug-19,0,XX,768.1,773.95,747.75,759.1,759.1,3194,16957.06,8215200,-86800,01-Aug-19
160666,FUTSTK,LUPIN,26-Sep-19,0,XX,774.5,776,752,762.95,762.95,76,406.26,107100,-700,01-Aug-19
160667,FUTSTK,LUPIN,31-Oct-19,0,XX,0,0,0,787,771.6,0,0,0,0,01-Aug-19
160668,FUTSTK,M&M,29-Aug-19,0,XX,547.1,552.95,540.65,549.75,549.75,4279,23355.53,23141000,178000,01-Aug-19
160669,FUTSTK,M&M,26-Sep-19,0,XX,554.25,554.75,543.85,553.7,553.7,50,273.91,136000,10000,01-Aug-19
160670,FUTSTK,M&M,31-Oct-19,0,XX,0,0,0,548.85,557.55,0,0,2000,0,01-Aug-19
160671,FUTSTK,M&MFIN,29-Aug-19,0,XX,301.25,306.45,291.95,299.4,299.4,3309,12377.91,14507500,20000,01-Aug-19
160672,FUTSTK,M&MFIN,26-Sep-19,0,XX,302.05,307.6,294.6,300.1,300.1,23,86.03,111250,0,01-Aug-19
160673,FUTSTK,M&MFIN,31-Oct-19,0,XX,0,0,0,310,303.55,0,0,0,0,01-Aug-19
160674,FUTSTK,MANAPPURAM,29-Aug-19,0,XX,114.05,115.4,111.95,114.9,114.9,1800,12278.91,14214000,618000,01-Aug-19
160675,FUTSTK,MANAPPURAM,26-Sep-19,0,XX,112.95,115.45,112.5,115.15,115.15,30,204.65,252000,-12000,01-Aug-19
160676,FUTSTK,MANAPPURAM,31-Oct-19,0,XX,0,0,0,117.25,116.7,0,0,0,0,01-Aug-19
160677,FUTSTK,MARICO,29-Aug-19,0,XX,370,372.85,351.5,363.9,363.9,6076,57430.97,10062000,117000,01-Aug-19
160678,FUTSTK,MARICO,26-Sep-19,0,XX,373.8,373.85,355.45,365.25,365.25,31,293.15,70200,39000,01-Aug-19
160679,FUTSTK,MARICO,31-Oct-19,0,XX,0,0,0,368.05,368.6,0,0,0,0,01-Aug-19
160680,FUTSTK,MARUTI,29-Aug-19,0,XX,5408.5,5545.75,5380,5514.3,5514.3,26606,108783.34,3842775,69975,01-Aug-19
160681,FUTSTK,MARUTI,26-Sep-19,0,XX,5430,5571.1,5420,5546.15,5546.15,550,2264.75,59100,750,01-Aug-19
160682,FUTSTK,MARUTI,31-Oct-19,0,XX,5476.8,5595.05,5447.35,5582.8,5582.8,34,140.08,12000,300,01-Aug-19
160683,FUTSTK,MCDOWELL-N,29-Aug-19,0,XX,590,592.85,570.95,579.05,579.05,1787,12977.19,10302500,-67500,01-Aug-19
160684,FUTSTK,MCDOWELL-N,26-Sep-19,0,XX,590,590.5,574.05,582.65,582.65,31,225.48,38750,-6250,01-Aug-19
160685,FUTSTK,MCDOWELL-N,31-Oct-19,0,XX,0,0,0,588,585,0,0,2500,0,01-Aug-19
160686,FUTSTK,MCX,29-Aug-19,0,XX,809,820.05,787.55,802.1,802.1,766,4283.65,1479800,0,01-Aug-19
160687,FUTSTK,MCX,26-Sep-19,0,XX,805.2,810.4,776.05,784,784,35,193.18,37100,700,01-Aug-19
160688,FUTSTK,MFSL,29-Aug-19,0,XX,413.1,422.2,402.4,407.85,407.85,860,4233.67,2509200,-81600,01-Aug-19
160689,FUTSTK,MFSL,26-Sep-19,0,XX,423.1,423.1,403.15,403.15,410.65,8,39.4,6000,3600,01-Aug-19
160690,FUTSTK,MFSL,31-Oct-19,0,XX,0,0,0,421.65,413.2,0,0,0,0,01-Aug-19
160691,FUTSTK,MGL,29-Aug-19,0,XX,796.3,814.9,775.8,789.85,789.85,1293,6185.83,1089600,19200,01-Aug-19
160692,FUTSTK,MGL,26-Sep-19,0,XX,804.9,817.2,787.25,787.25,804.65,9,43.28,19200,3600,01-Aug-19
160693,FUTSTK,MGL,31-Oct-19,0,XX,0,0,0,804.1,809.7,0,0,1200,0,01-Aug-19
160694,FUTSTK,MINDTREE,29-Aug-19,0,XX,719.3,719.3,686.8,692.9,692.9,2010,8465.72,1915800,41400,01-Aug-19
160695,FUTSTK,MINDTREE,26-Sep-19,0,XX,718.7,718.75,691,693.85,693.85,25,105.84,50400,3000,01-Aug-19
160696,FUTSTK,MINDTREE,31-Oct-19,0,XX,0,0,0,694.85,703.35,0,0,1200,0,01-Aug-19
160697,FUTSTK,MOTHERSUMI,29-Aug-19,0,XX,104.65,105.75,103.1,104.45,104.45,1514,5214.3,28805700,1092300,01-Aug-19
160698,FUTSTK,MOTHERSUMI,26-Sep-19,0,XX,105.9,105.9,104,104.5,104.5,23,79.48,386100,-3300,01-Aug-19
160699,FUTSTK,MOTHERSUMI,31-Oct-19,0,XX,104.7,105.2,104.7,105.2,105.2,2,6.92,16500,6600,01-Aug-19
160700,FUTSTK,MRF,29-Aug-19,0,XX,53482.1,54080.7,53300,53625,53625,713,3827.3,29740,310,01-Aug-19
160701,FUTSTK,MRF,26-Sep-19,0,XX,53679.65,54031.9,53666,53696.3,53895,4,21.5,1490,10,01-Aug-19
160702,FUTSTK,MRF,31-Oct-19,0,XX,0,0,0,55087.75,54235.05,0,0,0,0,01-Aug-19
160703,FUTSTK,MUTHOOTFIN,29-Aug-19,0,XX,607.65,616.8,605.2,613.55,613.55,1401,12845.22,2451000,-163500,01-Aug-19
160704,FUTSTK,MUTHOOTFIN,26-Sep-19,0,XX,613.35,614.5,607.3,607.3,616.5,6,55.04,28500,3000,01-Aug-19
160705,FUTSTK,MUTHOOTFIN,31-Oct-19,0,XX,0,0,0,605.95,620.4,0,0,0,0,01-Aug-19
160706,FUTSTK,NATIONALUM,29-Aug-19,0,XX,44.95,44.95,43.85,44.25,44.25,976,4322.96,30980000,750000,01-Aug-19
160707,FUTSTK,NATIONALUM,26-Sep-19,0,XX,44.25,44.45,43.45,43.8,43.8,118,517.62,5600000,460000,01-Aug-19
160708,FUTSTK,NATIONALUM,31-Oct-19,0,XX,43.9,44.2,43.9,44.2,44.2,4,17.62,100000,20000,01-Aug-19
160709,FUTSTK,NBCC,29-Aug-19,0,XX,42.3,44.9,42.1,43.95,43.95,1963,7338.99,34637500,680000,01-Aug-19
160710,FUTSTK,NBCC,26-Sep-19,0,XX,42,44.4,42,43.65,43.65,68,253.03,2575500,25500,01-Aug-19
160711,FUTSTK,NBCC,31-Oct-19,0,XX,0,0,0,43.05,44.65,0,0,42500,0,01-Aug-19
160712,FUTSTK,NCC,29-Aug-19,0,XX,71.15,72.75,68.75,70.35,70.35,1932,10918.67,38592000,-80000,01-Aug-19
160713,FUTSTK,NCC,26-Sep-19,0,XX,72.5,72.9,70,70.5,70.5,48,273.4,960000,88000,01-Aug-19
160714,FUTSTK,NCC,31-Oct-19,0,XX,70.6,71.15,70.6,70.9,70.9,2,11.34,8000,0,01-Aug-19
160715,FUTSTK,NESTLEIND,29-Aug-19,0,XX,11670.15,11670.15,11451,11593,11593,921,5314.72,346450,2100,01-Aug-19
160716,FUTSTK,NESTLEIND,26-Sep-19,0,XX,0,0,0,11753.25,11663.7,0,0,550,0,01-Aug-19
160717,FUTSTK,NESTLEIND,31-Oct-19,0,XX,0,0,0,11702.1,11737.3,0,0,0,0,01-Aug-19
160718,FUTSTK,NIITTECH,29-Aug-19,0,XX,1203.45,1211.65,1191.1,1203.75,1203.75,752,6783.4,1101750,-62250,01-Aug-19
160719,FUTSTK,NIITTECH,26-Sep-19,0,XX,0,0,0,1201,1214.9,0,0,43500,0,01-Aug-19
160720,FUTSTK,NIITTECH,31-Oct-19,0,XX,0,0,0,1357.75,1222.55,0,0,0,0,01-Aug-19
160721,FUTSTK,NMDC,29-Aug-19,0,XX,108.6,110.5,107.65,109.1,109.1,1332,8693.1,26760000,-318000,01-Aug-19
160722,FUTSTK,NMDC,26-Sep-19,0,XX,109.6,110.6,108.4,108.95,109.75,16,104.71,246000,-6000,01-Aug-19
160723,FUTSTK,NMDC,31-Oct-19,0,XX,0,0,0,110,110.45,0,0,12000,0,01-Aug-19
160724,FUTSTK,NTPC,29-Aug-19,0,XX,124.15,125.6,123.35,125.1,125.1,2279,13639.32,80923200,-1396800,01-Aug-19
160725,FUTSTK,NTPC,26-Sep-19,0,XX,124.95,126,124.6,125.7,125.7,39,234.62,883200,9600,01-Aug-19
160726,FUTSTK,NTPC,31-Oct-19,0,XX,0,0,0,132.1,128.9,0,0,0,0,01-Aug-19
160727,FUTSTK,OFSS,29-Aug-19,0,XX,3350.75,3361.7,3251.65,3278.95,3278.95,254,1252.78,211200,-7950,01-Aug-19
160728,FUTSTK,OFSS,26-Sep-19,0,XX,0,0,0,3233.85,3294.85,0,0,0,0,01-Aug-19
160729,FUTSTK,OIL,29-Aug-19,0,XX,157,158.9,156.35,157.9,157.9,309,1655.19,7678341,-231132,01-Aug-19
160730,FUTSTK,OIL,26-Sep-19,0,XX,158.1,158.1,157.1,157.1,160.95,2,10.71,74778,3399,01-Aug-19
160731,FUTSTK,OIL,31-Oct-19,0,XX,0,0,0,158.75,161.95,0,0,0,0,01-Aug-19
160732,FUTSTK,ONGC,29-Aug-19,0,XX,138,139.9,135.35,137.15,137.15,2835,14634.67,63693750,780000,01-Aug-19
160733,FUTSTK,ONGC,26-Sep-19,0,XX,139,140,136.25,137.55,137.55,49,253.94,753750,30000,01-Aug-19
160734,FUTSTK,ONGC,31-Oct-19,0,XX,0,0,0,146.45,139.2,0,0,0,0,01-Aug-19
160735,FUTSTK,PAGEIND,29-Aug-19,0,XX,18099.95,18349.6,17879.25,18203.95,18203.95,1637,7404.6,189900,-950,01-Aug-19
160736,FUTSTK,PAGEIND,26-Sep-19,0,XX,17894.2,17900,17705,17897.25,18619.95,96,426.1,3675,1650,01-Aug-19
160737,FUTSTK,PAGEIND,31-Oct-19,0,XX,0,0,0,19383.75,18737.45,0,0,0,0,01-Aug-19
160738,FUTSTK,PEL,29-Aug-19,0,XX,1800,1808.05,1716.1,1772.85,1772.85,6792,36220.25,3334684,100566,01-Aug-19
160739,FUTSTK,PEL,26-Sep-19,0,XX,1792.05,1792.05,1721.85,1773.7,1773.7,103,548.44,26274,6946,01-Aug-19
160740,FUTSTK,PEL,31-Oct-19,0,XX,0,0,0,1782.55,1794.45,0,0,0,0,01-Aug-19
160741,FUTSTK,PETRONET,29-Aug-19,0,XX,232.2,234.2,230.1,232.85,232.85,1021,7128.43,17190000,126000,01-Aug-19
160742,FUTSTK,PETRONET,26-Sep-19,0,XX,233.65,234.2,231.45,233.6,233.6,6,41.93,1590000,-3000,01-Aug-19
160743,FUTSTK,PETRONET,31-Oct-19,0,XX,0,0,0,236.5,239.6,0,0,0,0,01-Aug-19
160744,FUTSTK,PFC,29-Aug-19,0,XX,109.8,109.8,105.7,107,107,2518,16748.65,44013800,750200,01-Aug-19
160745,FUTSTK,PFC,26-Sep-19,0,XX,109.4,109.95,106.2,107.35,107.35,41,273.28,551800,-49600,01-Aug-19
160746,FUTSTK,PFC,31-Oct-19,0,XX,110.85,110.85,107.05,107.05,107.05,3,20.15,18600,6200,01-Aug-19
160747,FUTSTK,PIDILITIND,29-Aug-19,0,XX,1240,1248.65,1201.5,1214.5,1214.5,2783,17032.23,2761500,15000,01-Aug-19
160748,FUTSTK,PIDILITIND,26-Sep-19,0,XX,1221.65,1221.65,1221.65,1221.65,1223.55,1,6.1,14000,500,01-Aug-19
160749,FUTSTK,PIDILITIND,31-Oct-19,0,XX,0,0,0,1256.8,1231.3,0,0,0,0,01-Aug-19
160750,FUTSTK,PNB,29-Aug-19,0,XX,69.45,69.6,66.6,67.8,67.8,5645,26808.48,100884000,1925000,01-Aug-19
160751,FUTSTK,PNB,26-Sep-19,0,XX,69.15,69.6,66.95,68.25,68.25,162,772.96,2674000,105000,01-Aug-19
160752,FUTSTK,PNB,31-Oct-19,0,XX,68.5,68.9,67.3,68,68,22,105.4,210000,-28000,01-Aug-19
160753,FUTSTK,POWERGRID,29-Aug-19,0,XX,209.6,213.85,209.6,212.3,212.3,3426,29074.39,26896000,1276000,01-Aug-19
160754,FUTSTK,POWERGRID,26-Sep-19,0,XX,211.55,214.5,211.4,213.2,213.2,94,800.9,616000,-4000,01-Aug-19
160755,FUTSTK,POWERGRID,31-Oct-19,0,XX,215,215,215,215,217.55,1,8.6,8000,4000,01-Aug-19
160756,FUTSTK,PVR,29-Aug-19,0,XX,1504,1533.95,1470.75,1493.5,1493.5,2699,16160.31,1130400,-48400,01-Aug-19
160757,FUTSTK,PVR,26-Sep-19,0,XX,1518.65,1518.65,1467.45,1478.05,1506.15,20,119.42,10400,1600,01-Aug-19
160758,FUTSTK,PVR,31-Oct-19,0,XX,1500,1501.95,1500,1501.95,1515.65,2,12,1200,800,01-Aug-19
160759,FUTSTK,RAMCOCEM,29-Aug-19,0,XX,724,724,695.1,709,709,903,5122.52,1060000,-24000,01-Aug-19
160760,FUTSTK,RAMCOCEM,26-Sep-19,0,XX,717.85,717.85,701,705.05,705.05,7,39.45,20000,1600,01-Aug-19
160761,FUTSTK,RAMCOCEM,31-Oct-19,0,XX,0,0,0,756.85,729.7,0,0,0,0,01-Aug-19
160762,FUTSTK,RAYMOND,29-Aug-19,0,XX,653.7,661.25,634.05,641.8,641.8,1541,7965.82,1999200,-26400,01-Aug-19
160763,FUTSTK,RAYMOND,26-Sep-19,0,XX,655,662.2,637.75,648,648,37,191.78,25600,-8800,01-Aug-19
160764,FUTSTK,RBLBANK,29-Aug-19,0,XX,401,409.7,388.65,398,398,9649,46292.27,12532800,-81600,01-Aug-19
160765,FUTSTK,RBLBANK,26-Sep-19,0,XX,404,409.05,390,399.5,399.5,266,1277.68,340800,-10800,01-Aug-19
160766,FUTSTK,RBLBANK,31-Oct-19,0,XX,402.15,402.15,395,398.75,398.75,4,19.13,3600,0,01-Aug-19
160767,FUTSTK,RECLTD,29-Aug-19,0,XX,139.8,140.5,134.4,136.35,136.35,2469,20275.69,27042000,-222000,01-Aug-19
160768,FUTSTK,RECLTD,26-Sep-19,0,XX,138.55,140.25,135,136.7,136.7,40,328.47,1002000,6000,01-Aug-19
160769,FUTSTK,RECLTD,31-Oct-19,0,XX,0,0,0,141.5,138.55,0,0,6000,0,01-Aug-19
160770,FUTSTK,RELCAPITAL,29-Aug-19,0,XX,50.7,53.45,46.9,48.5,48.5,4511,6796.02,11616000,-270000,01-Aug-19
160771,FUTSTK,RELCAPITAL,26-Sep-19,0,XX,50,51.15,45.95,46.6,46.6,44,63.88,459000,6000,01-Aug-19
160772,FUTSTK,RELIANCE,29-Aug-19,0,XX,1160.15,1185.9,1150.1,1178.65,1178.65,36562,212883.91,43266500,1030000,01-Aug-19
160773,FUTSTK,RELIANCE,26-Sep-19,0,XX,1164,1191,1156.05,1184.5,1184.5,1379,8059.82,3034500,125500,01-Aug-19
160774,FUTSTK,RELIANCE,31-Oct-19,0,XX,1169.25,1195.75,1164.25,1193.4,1193.4,52,305.87,36500,6000,01-Aug-19
160775,FUTSTK,RELINFRA,29-Aug-19,0,XX,46.2,51.1,46.05,47.45,47.45,3614,6998.37,11384000,-404000,01-Aug-19
160776,FUTSTK,RELINFRA,26-Sep-19,0,XX,45.95,49.2,45.5,46,46,110,204.51,544000,184000,01-Aug-19
160777,FUTSTK,SAIL,29-Aug-19,0,XX,41.75,42.25,41.25,41.8,41.8,2766,13841.11,92508000,1152000,01-Aug-19
160778,FUTSTK,SAIL,26-Sep-19,0,XX,42,42.15,41.4,41.85,41.85,157,786.3,3204000,936000,01-Aug-19
160779,FUTSTK,SAIL,31-Oct-19,0,XX,0,0,0,42.2,42.8,0,0,72000,0,01-Aug-19
160780,FUTSTK,SBIN,29-Aug-19,0,XX,332.5,332.8,313.1,319.15,319.15,31914,308803.07,81147000,9354000,01-Aug-19
160781,FUTSTK,SBIN,26-Sep-19,0,XX,332.25,334.1,314.65,320.3,320.3,561,5439.71,1614000,195000,01-Aug-19
160782,FUTSTK,SBIN,31-Oct-19,0,XX,334.65,335.35,318,321.9,321.9,36,350.32,81000,33000,01-Aug-19
160783,FUTSTK,SHREECEM,29-Aug-19,0,XX,20005.45,20129.95,19770.9,20044.1,20044.1,887,8858.82,152550,1600,01-Aug-19
160784,FUTSTK,SHREECEM,26-Sep-19,0,XX,20030.85,20119.95,20011.45,20103.5,20103.5,5,50.14,1250,100,01-Aug-19
160785,FUTSTK,SHREECEM,31-Oct-19,0,XX,0,0,0,21571.3,20332.05,0,0,0,0,01-Aug-19
160786,FUTSTK,SIEMENS,29-Aug-19,0,XX,1140.1,1156.35,1108.45,1125.9,1125.9,1893,11751.51,1293050,129800,01-Aug-19
160787,FUTSTK,SIEMENS,26-Sep-19,0,XX,1141.8,1146,1118.7,1130.55,1130.85,22,136.65,14850,1650,01-Aug-19
160788,FUTSTK,SIEMENS,31-Oct-19,0,XX,0,0,0,1192.75,1138,0,0,0,0,01-Aug-19
160789,FUTSTK,SRF,29-Aug-19,0,XX,2676.25,2705.5,2570,2633.6,2633.6,3489,22929.89,887500,-30000,01-Aug-19
160790,FUTSTK,SRF,26-Sep-19,0,XX,2681.4,2699.65,2580,2631.65,2631.65,33,217.4,7500,-1000,01-Aug-19
160791,FUTSTK,SRF,31-Oct-19,0,XX,0,0,0,2703.25,2682.1,0,0,0,0,01-Aug-19
160792,FUTSTK,SRTRANSFIN,29-Aug-19,0,XX,965.2,987.6,963.4,973.45,973.45,2979,17414.67,4743600,-238200,01-Aug-19
160793,FUTSTK,SRTRANSFIN,26-Sep-19,0,XX,981,985.4,969.35,969.35,977.1,13,76.26,21000,-1200,01-Aug-19
160794,FUTSTK,SRTRANSFIN,31-Oct-19,0,XX,0,0,0,985.45,983.25,0,0,600,0,01-Aug-19
160795,FUTSTK,STAR,29-Aug-19,0,XX,367.95,388.45,358.65,384.6,384.6,3383,15144.05,3592800,350400,01-Aug-19
160796,FUTSTK,STAR,26-Sep-19,0,XX,367.75,385.6,358.95,382.9,382.9,214,944.47,303600,86400,01-Aug-19
160797,FUTSTK,STAR,31-Oct-19,0,XX,0,0,0,350.35,407.4,0,0,0,0,01-Aug-19
160798,FUTSTK,SUNPHARMA,29-Aug-19,0,XX,421.95,426.95,416,424.35,424.35,6125,28360.17,48068900,-616000,01-Aug-19
160799,FUTSTK,SUNPHARMA,26-Sep-19,0,XX,423.7,428.55,418.65,426.15,426.15,348,1617.14,1625800,36300,01-Aug-19
160800,FUTSTK,SUNPHARMA,31-Oct-19,0,XX,426.85,428.9,421.05,428.75,428.75,7,32.76,7700,-1100,01-Aug-19
160801,FUTSTK,SUNTV,29-Aug-19,0,XX,467.2,476.6,448.25,455.5,455.5,3720,17091.73,5221000,-163000,01-Aug-19
160802,FUTSTK,SUNTV,26-Sep-19,0,XX,473.4,477.25,451.1,457.65,457.65,53,244.2,47000,10000,01-Aug-19
160803,FUTSTK,SUNTV,31-Oct-19,0,XX,0,0,0,486.05,465.3,0,0,0,0,01-Aug-19
160804,FUTSTK,TATACHEM,29-Aug-19,0,XX,577.05,582.6,565.2,569.15,569.15,952,4901.64,2146500,0,01-Aug-19
160805,FUTSTK,TATACHEM,26-Sep-19,0,XX,583.5,583.5,572,572,572.4,5,25.88,35100,0,01-Aug-19
160806,FUTSTK,TATACHEM,31-Oct-19,0,XX,0,0,0,588,576,0,0,900,0,01-Aug-19
160807,FUTSTK,TATAELXSI,29-Aug-19,0,XX,635,640,611.35,617.75,617.75,2203,8249.05,2662800,85200,01-Aug-19
160808,FUTSTK,TATAELXSI,26-Sep-19,0,XX,635,638.9,614.1,620.25,620.25,40,150.64,70800,6600,01-Aug-19
160809,FUTSTK,TATAELXSI,31-Oct-19,0,XX,0,0,0,647.6,625.2,0,0,4200,0,01-Aug-19
160810,FUTSTK,TATAGLOBAL,29-Aug-19,0,XX,252.75,263.8,251,260.35,260.35,4395,30844.33,6428700,259200,01-Aug-19
160811,FUTSTK,TATAGLOBAL,26-Sep-19,0,XX,253.1,264.25,252.9,260.45,260.45,30,210.57,78300,-10800,01-Aug-19
160812,FUTSTK,TATAGLOBAL,31-Oct-19,0,XX,264.4,264.4,264.4,264.4,263.05,1,7.13,16200,2700,01-Aug-19
160813,FUTSTK,TATAMOTORS,29-Aug-19,0,XX,136.1,136.5,127.6,130.3,130.3,18316,71891.21,70062000,1755000,01-Aug-19
160814,FUTSTK,TATAMOTORS,26-Sep-19,0,XX,136.5,137.05,128.25,130.9,130.9,711,2794.98,2733000,624000,01-Aug-19
160815,FUTSTK,TATAMOTORS,31-Oct-19,0,XX,137.55,137.55,129,131.4,131.4,47,185.82,147000,75000,01-Aug-19
160816,FUTSTK,TATAMTRDVR,29-Aug-19,0,XX,64.8,65.45,61.55,63,63,1757,6643.63,28980000,-126000,01-Aug-19
160817,FUTSTK,TATAMTRDVR,26-Sep-19,0,XX,65.5,65.5,61.9,63.2,63.2,33,125.86,468000,60000,01-Aug-19
160818,FUTSTK,TATAMTRDVR,31-Oct-19,0,XX,65,65,63.25,63.25,63.8,3,11.5,36000,12000,01-Aug-19
160819,FUTSTK,TATAPOWER,29-Aug-19,0,XX,60.3,60.9,58.8,60,60,1235,6639.12,54216000,459000,01-Aug-19
160820,FUTSTK,TATAPOWER,26-Sep-19,0,XX,60.8,61.2,59.4,60.1,60.1,25,135.05,405000,18000,01-Aug-19
160821,FUTSTK,TATAPOWER,31-Oct-19,0,XX,0,0,0,62.7,60.75,0,0,0,0,01-Aug-19
160822,FUTSTK,TATASTEEL,29-Aug-19,0,XX,427.55,432.25,415.4,421.2,421.2,15306,68753.64,31026823,-292836,01-Aug-19
160823,FUTSTK,TATASTEEL,26-Sep-19,0,XX,429.25,433.8,417.5,422.8,422.8,357,1609.72,297080,-6366,01-Aug-19
160824,FUTSTK,TATASTEEL,31-Oct-19,0,XX,432,432,421.1,423,426.9,11,49.72,22281,3183,01-Aug-19
160825,FUTSTK,TCS,29-Aug-19,0,XX,2208.95,2221.75,2176.15,2190.65,2190.65,11806,64945.85,16243000,136500,01-Aug-19
160826,FUTSTK,TCS,26-Sep-19,0,XX,2201.5,2229.7,2189.5,2199.9,2199.9,158,871,76750,-6500,01-Aug-19
160827,FUTSTK,TCS,31-Oct-19,0,XX,2217.95,2217.95,2195.2,2205.4,2205.4,8,44.14,4500,750,01-Aug-19
160828,FUTSTK,TECHM,29-Aug-19,0,XX,633.5,635.6,622.2,629.3,629.3,3826,28847.23,16086000,-48000,01-Aug-19
160829,FUTSTK,TECHM,26-Sep-19,0,XX,634.85,634.85,626,632.35,632.35,80,605.74,127200,27600,01-Aug-19
160830,FUTSTK,TECHM,31-Oct-19,0,XX,633.2,634.95,633.2,631.7,631.7,4,30.33,9600,3600,01-Aug-19
160831,FUTSTK,TITAN,29-Aug-19,0,XX,1050.25,1071.5,1047.05,1063,1063,7120,56449.87,10232250,307500,01-Aug-19
160832,FUTSTK,TITAN,26-Sep-19,0,XX,1060.05,1076,1053.4,1067.7,1067.7,78,621.72,92250,3750,01-Aug-19
160833,FUTSTK,TITAN,31-Oct-19,0,XX,1070,1072.7,1070,1072.7,1074.65,3,24.09,6000,1500,01-Aug-19
160834,FUTSTK,TORNTPHARM,29-Aug-19,0,XX,1676.1,1679.95,1657,1673.65,1673.65,911,7600.84,658000,-22500,01-Aug-19
160835,FUTSTK,TORNTPHARM,26-Sep-19,0,XX,1660.85,1672.7,1659.25,1672.7,1684.85,3,24.96,5000,-1500,01-Aug-19
160836,FUTSTK,TORNTPHARM,31-Oct-19,0,XX,0,0,0,1653.5,1695.45,0,0,0,0,01-Aug-19
160837,FUTSTK,TORNTPOWER,29-Aug-19,0,XX,306,307.25,301,305.7,305.7,577,5264.2,3612000,-33000,01-Aug-19
160838,FUTSTK,TORNTPOWER,26-Sep-19,0,XX,0,0,0,304,306.85,0,0,18000,0,01-Aug-19
160839,FUTSTK,TORNTPOWER,31-Oct-19,0,XX,0,0,0,308.6,308.8,0,0,3000,0,01-Aug-19
160840,FUTSTK,TVSMOTOR,29-Aug-19,0,XX,358.6,365.05,350.1,355.35,355.35,3713,14580.36,7632900,247500,01-Aug-19
160841,FUTSTK,TVSMOTOR,26-Sep-19,0,XX,357.2,363.5,350.05,353.4,353.4,52,203.5,148500,9900,01-Aug-19
160842,FUTSTK,TVSMOTOR,31-Oct-19,0,XX,351.5,351.5,349.8,349.8,364.4,2,7.71,7700,2200,01-Aug-19
160843,FUTSTK,UBL,29-Aug-19,0,XX,1400,1412.7,1385.4,1395.5,1395.5,1302,12728.07,1201200,130200,01-Aug-19
160844,FUTSTK,UBL,26-Sep-19,0,XX,1401.55,1401.55,1393.5,1394,1416.8,17,166.23,16100,10500,01-Aug-19
160845,FUTSTK,UBL,31-Oct-19,0,XX,0,0,0,1427.7,1425.75,0,0,0,0,01-Aug-19
160846,FUTSTK,UJJIVAN,29-Aug-19,0,XX,265.85,281.55,263.55,280,280,5823,25635.12,5800000,558400,01-Aug-19
160847,FUTSTK,UJJIVAN,26-Sep-19,0,XX,266.35,276.7,266.25,276.3,276.3,149,647.44,238400,131200,01-Aug-19
160848,FUTSTK,UJJIVAN,31-Oct-19,0,XX,0,0,0,260,292.2,0,0,3200,0,01-Aug-19
160849,FUTSTK,ULTRACEMCO,29-Aug-19,0,XX,4320,4336.8,4186.7,4252.45,4252.45,4138,35354.88,2373400,15000,01-Aug-19
160850,FUTSTK,ULTRACEMCO,26-Sep-19,0,XX,4337.35,4361.65,4215,4268.85,4268.85,46,394.8,9400,-1800,01-Aug-19
160851,FUTSTK,ULTRACEMCO,31-Oct-19,0,XX,0,0,0,4540.45,4301.45,0,0,0,0,01-Aug-19
160852,FUTSTK,UNIONBANK,29-Aug-19,0,XX,67.6,67.7,64.3,65.35,65.35,2096,9663.12,30961000,826000,01-Aug-19
160853,FUTSTK,UNIONBANK,26-Sep-19,0,XX,67.05,67.55,64.65,65.55,65.55,60,277.69,875000,182000,01-Aug-19
160854,FUTSTK,UNIONBANK,31-Oct-19,0,XX,67,67,67,67,66.7,1,4.69,7000,7000,01-Aug-19
160855,FUTSTK,UPL,29-Aug-19,0,XX,578,594,561.5,578,578,21855,113448.41,13080600,486900,01-Aug-19
160856,FUTSTK,UPL,26-Sep-19,0,XX,580.1,595.3,564.7,579.65,579.65,210,1095.28,96300,13500,01-Aug-19
160857,FUTSTK,UPL,31-Oct-19,0,XX,0,0,0,615.25,586.35,0,0,0,0,01-Aug-19
160858,FUTSTK,VEDL,29-Aug-19,0,XX,152.4,152.4,144.45,146.3,146.3,8975,39712.11,73500000,2895000,01-Aug-19
160859,FUTSTK,VEDL,26-Sep-19,0,XX,152.6,152.6,145.3,147.1,147.1,299,1328.18,849000,48000,01-Aug-19
160860,FUTSTK,VEDL,31-Oct-19,0,XX,152.9,152.9,146.1,147.6,147.6,85,378.95,165000,57000,01-Aug-19
160861,FUTSTK,VOLTAS,29-Aug-19,0,XX,578.75,608.55,578.75,604.2,604.2,8754,52386.64,4410000,661000,01-Aug-19
160862,FUTSTK,VOLTAS,26-Sep-19,0,XX,581.15,603.7,581.15,601.3,601.3,80,473.93,33000,-9000,01-Aug-19
160863,FUTSTK,VOLTAS,31-Oct-19,0,XX,0,0,0,583.2,618,0,0,1000,0,01-Aug-19
160864,FUTSTK,WIPRO,29-Aug-19,0,XX,271.5,275.7,267.55,269.95,269.95,8552,74463.91,29289600,-179200,01-Aug-19
160865,FUTSTK,WIPRO,26-Sep-19,0,XX,273.2,276.05,268.4,270.25,270.25,620,5411.36,1328000,1116800,01-Aug-19
160866,FUTSTK,WIPRO,31-Oct-19,0,XX,0,0,0,267,274.9,0,0,0,0,01-Aug-19
160867,FUTSTK,YESBANK,29-Aug-19,0,XX,88.95,91.6,85.9,88.8,88.8,35627,69774.7,122654400,3267000,01-Aug-19
160868,FUTSTK,YESBANK,26-Sep-19,0,XX,89.55,92,86.5,89.3,89.3,917,1806.28,4954400,145200,01-Aug-19
160869,FUTSTK,YESBANK,31-Oct-19,0,XX,90,91.95,87,89.95,89.95,56,110.29,266200,59400,01-Aug-19
160870,FUTSTK,ZEEL,29-Aug-19,0,XX,355.9,362.95,336.4,348.3,348.3,23563,107209.25,20650500,686400,01-Aug-19
160871,FUTSTK,ZEEL,26-Sep-19,0,XX,355,363.65,338.4,350.4,350.4,312,1426.3,414700,39000,01-Aug-19
160872,FUTSTK,ZEEL,31-Oct-19,0,XX,360,360,342,351.05,351.05,20,90.79,16900,14300,01-Aug-19
160873,OPTIDX,BANKNIFTY,01-Aug-19,27200,CE,1455.8,1490.25,1267.55,1267.55,0,4,22.89,0,-20,01-Aug-19
160874,OPTIDX,BANKNIFTY,01-Aug-19,27300,CE,0,0,0,1500.75,0,0,0,0,0,01-Aug-19
160875,OPTIDX,BANKNIFTY,01-Aug-19,27400,CE,1250,1250,1095,1095,0,8,45.72,20,-140,01-Aug-19
160876,OPTIDX,BANKNIFTY,01-Aug-19,27500,CE,981.05,1012.15,747,859.2,0,56,318.29,360,-100,01-Aug-19
160877,OPTIDX,BANKNIFTY,01-Aug-19,27600,CE,884.55,884.55,836.85,866.1,0,6,34.15,200,0,01-Aug-19
160878,OPTIDX,BANKNIFTY,01-Aug-19,27700,CE,665,671,665,668,0,12,68.08,200,0,01-Aug-19
160879,OPTIDX,BANKNIFTY,01-Aug-19,27800,CE,0,0,0,1558.25,0,0,0,0,0,01-Aug-19
160880,OPTIDX,BANKNIFTY,01-Aug-19,27900,CE,663.7,723.5,124.85,426.55,0,585,3303.22,60,60,01-Aug-19
160881,OPTIDX,BANKNIFTY,01-Aug-19,28000,CE,710,792.05,55.7,264.15,0,56017,315698.32,1220,-2440,01-Aug-19
160882,OPTIDX,BANKNIFTY,01-Aug-19,28100,CE,596,596,12.4,167.05,0,236040,1330663.28,6060,5960,01-Aug-19
160883,OPTIDX,BANKNIFTY,01-Aug-19,28200,CE,426.25,600,5.05,77.25,0,686710,3879357.93,19420,17320,01-Aug-19
160884,OPTIDX,BANKNIFTY,01-Aug-19,28300,CE,395.3,503.05,1.3,22.85,0,1224821,6939084.89,22520,17640,01-Aug-19
160885,OPTIDX,BANKNIFTY,01-Aug-19,28400,CE,290.95,402.65,0.05,2.15,0,1566672,8905503.6,810880,796920,01-Aug-19
160886,OPTIDX,BANKNIFTY,01-Aug-19,28500,CE,257.35,313.95,0.05,0.7,0,1698274,9691539.1,979360,939100,01-Aug-19
160887,OPTIDX,BANKNIFTY,01-Aug-19,28600,CE,188,230,0.05,0.3,0,1656596,9486967.16,886180,853420,01-Aug-19
160888,OPTIDX,BANKNIFTY,01-Aug-19,28700,CE,117,157.55,0.05,0.25,0,1786472,10265008.8,865680,743480,01-Aug-19
160889,OPTIDX,BANKNIFTY,01-Aug-19,28800,CE,75,98,0.05,0.25,0,1789480,10315639.3,806180,549080,01-Aug-19
160890,OPTIDX,BANKNIFTY,01-Aug-19,28900,CE,55,55,0.05,0.2,0,1469684,8499120.48,568040,146620,01-Aug-19
160891,OPTIDX,BANKNIFTY,01-Aug-19,29000,CE,29.55,29.55,0.05,0.15,0,1627778,9443462.14,1177100,417320,01-Aug-19
160892,OPTIDX,BANKNIFTY,01-Aug-19,29100,CE,13.95,13.95,0.05,0.15,0,1035883,6029432.39,466480,25580,01-Aug-19
